State,District,Market,Commodity,Variety,Grade,Arrival_Date,Min_Price,Max_Price,Modal_Price,Commodity_Code
Haryana,Gurgaon,Farukh Nagar,Wheat,Other,FAQ,02/05/2008,1000,1005,1003,1
Haryana,Gurgaon,Farukh Nagar,Wheat,Other,FAQ,05/05/2008,1000,1030,1015,1
Haryana,Gurgaon,Farukh Nagar,Wheat,Other,FAQ,14/05/2008,1040,1040,1040,1
Haryana,Gurgaon,Farukh Nagar,Wheat,Other,FAQ,08/07/2008,1010,1010,1010,1
Haryana,Gurgaon,Farukh Nagar,Wheat,Other,FAQ,16/01/2015,1461,1461,1461,1
Haryana,Gurgaon,Farukh Nagar,Wheat,Other,FAQ,09/02/2015,1500,1500,1500,1
Haryana,Gurgaon,Farukh Nagar,Wheat,Other,FAQ,28/03/2015,1400,1400,1400,1
Haryana,Gurgaon,Farukh Nagar,Wheat,Other,FAQ,10/09/2015,1450,1450,1450,1
Haryana,Gurgaon,Farukh Nagar,Wheat,Other,FAQ,17/09/2015,1450,1450,1450,1
Haryana,Gurgaon,Farukh Nagar,Wheat,Other,FAQ,09/11/2015,1500,1500,1500,1
Haryana,Gurgaon,Farukh Nagar,Wheat,Other,FAQ,01/12/2015,1400,1550,1400,1
Haryana,Gurgaon,Farukh Nagar,Wheat,Other,FAQ,01/01/2016,1485,1485,1485,1
Haryana,Gurgaon,Farukh Nagar,Wheat,Other,FAQ,05/01/2016,1150,1415,1150,1
Haryana,Gurgaon,Farukh Nagar,Wheat,Other,FAQ,16/01/2016,1500,1500,1500,1
Haryana,Gurgaon,Farukh Nagar,Wheat,Other,FAQ,21/01/2016,1450,1550,1450,1
Haryana,Gurgaon,Farukh Nagar,Wheat,Other,FAQ,06/04/2016,1525,1525,1525,1
Haryana,Gurgaon,Farukh Nagar,Wheat,Other,FAQ,07/04/2016,1525,1525,1525,1
Haryana,Gurgaon,Farukh Nagar,Wheat,Other,FAQ,19/07/2016,1500,1500,1500,1
Haryana,Gurgaon,Farukh Nagar,Wheat,Other,FAQ,12/12/2016,1900,1900,1900,1
Haryana,Gurgaon,Farukh Nagar,Wheat,Other,FAQ,29/07/2017,1630,1630,1630,1
Haryana,Gurgaon,Farukh Nagar,Wheat,Other,FAQ,17/08/2017,1650,1650,1650,1
Haryana,Gurgaon,Farukh Nagar,Wheat,Other,FAQ,27/01/2018,1700,1700,1700,1
Haryana,Gurgaon,Farukh Nagar,Wheat,Other,FAQ,05/04/2018,1735,1735,1735,1
Haryana,Gurgaon,Farukh Nagar,Wheat,Other,FAQ,27/03/2022,2050,2050,2050,1
Haryana,Gurgaon,Farukh Nagar,Wheat,Other,FAQ,22/04/2022,2015,2050,2015,1
Haryana,Gurgaon,Farukh Nagar,Wheat,Other,FAQ,04/05/2022,2100,2100,2100,1
Haryana,Gurgaon,Farukh Nagar,Wheat,Other,FAQ,26/05/2022,2100,2100,2100,1
Haryana,Gurgaon,Farukh Nagar,Wheat,Other,FAQ,19/04/2023,2125,2130,2125,1
Haryana,Gurgaon,Farukh Nagar,Wheat,Other,FAQ,28/04/2023,2125,2125,2125,1
Haryana,Gurgaon,Farukh Nagar,Wheat,Other,FAQ,27/04/2024,2275,2275,2275,1
Haryana,Gurgaon,Farukh Nagar,Wheat,Other,FAQ,08/05/2024,2275,2275,2275,1
Haryana,Gurgaon,Farukh Nagar,Wheat,Other,FAQ,06/01/2016,1420,1420,1420,1
Haryana,Gurgaon,Farukh Nagar,Wheat,Other,FAQ,18/03/2016,1081,1081,1081,1
Haryana,Gurgaon,Farukh Nagar,Wheat,Other,FAQ,22/12/2016,1800,1800,1800,1
Haryana,Gurgaon,Farukh Nagar,Wheat,Other,FAQ,24/12/2016,1900,1900,1900,1
Haryana,Gurgaon,Farukh Nagar,Wheat,Other,FAQ,10/10/2017,1650,1650,1650,1
Haryana,Gurgaon,Farukh Nagar,Wheat,Other,FAQ,06/05/2008,1000,1025,1012,1
Haryana,Gurgaon,Farukh Nagar,Wheat,Other,FAQ,09/05/2008,1001,1020,1010,1
Haryana,Gurgaon,Farukh Nagar,Wheat,Other,FAQ,20/01/2015,1500,1500,1500,1
Haryana,Gurgaon,Farukh Nagar,Wheat,Other,FAQ,05/03/2015,1450,1500,1450,1
Haryana,Gurgaon,Farukh Nagar,Wheat,Other,FAQ,31/03/2015,1400,1400,1400,1
Haryana,Gurgaon,Farukh Nagar,Wheat,Other,FAQ,13/04/2015,1450,1450,1450,1
Haryana,Gurgaon,Farukh Nagar,Wheat,Other,FAQ,19/04/2015,1450,1450,1450,1
Haryana,Gurgaon,Farukh Nagar,Wheat,Other,FAQ,23/04/2015,1450,1450,1450,1
Haryana,Gurgaon,Farukh Nagar,Wheat,Other,FAQ,04/08/2015,1350,1350,1350,1
Haryana,Gurgaon,Farukh Nagar,Wheat,Other,FAQ,13/11/2015,1500,1500,1500,1
Haryana,Gurgaon,Farukh Nagar,Wheat,Other,FAQ,22/09/2014,1400,1400,1400,1
Haryana,Gurgaon,Farukh Nagar,Wheat,Other,FAQ,06/11/2014,1400,1400,1400,1
Haryana,Gurgaon,Farukh Nagar,Wheat,Other,FAQ,22/03/2018,1650,1650,1650,1
Haryana,Gurgaon,Farukh Nagar,Wheat,Other,FAQ,03/04/2022,2025,2025,2025,1
Haryana,Gurgaon,Farukh Nagar,Wheat,Other,FAQ,08/04/2022,2015,2031,2015,1
Haryana,Gurgaon,Farukh Nagar,Wheat,Other,FAQ,11/04/2022,2015,2015,2015,1
Haryana,Gurgaon,Farukh Nagar,Wheat,Other,FAQ,13/04/2022,2015,2015,2015,1
Haryana,Gurgaon,Farukh Nagar,Wheat,Other,FAQ,19/04/2022,2015,2015,2015,1
Haryana,Gurgaon,Farukh Nagar,Wheat,Other,FAQ,26/04/2022,2015,2200,2015,1
Haryana,Gurgaon,Farukh Nagar,Wheat,Other,FAQ,03/05/2022,2100,2250,2100,1
Haryana,Gurgaon,Farukh Nagar,Wheat,Other,FAQ,06/04/2023,2126,2150,2126,1
Haryana,Gurgaon,Farukh Nagar,Wheat,Other,FAQ,07/04/2023,2126,2150,2126,1
Haryana,Gurgaon,Farukh Nagar,Wheat,Other,FAQ,10/04/2023,2126,2150,2126,1
Haryana,Gurgaon,Farukh Nagar,Wheat,Other,FAQ,12/04/2023,2125,2130,2125,1
Haryana,Gurgaon,Farukh Nagar,Wheat,Other,FAQ,18/04/2023,2125,2150,2125,1
Haryana,Gurgaon,Farukh Nagar,Wheat,Other,FAQ,20/04/2023,2125,2150,2125,1
Haryana,Gurgaon,Farukh Nagar,Wheat,Other,FAQ,25/04/2024,2275,2275,2275,1
Haryana,Gurgaon,Farukh Nagar,Wheat,Other,FAQ,29/04/2024,2275,2300,2275,1
Haryana,Gurgaon,Farukh Nagar,Wheat,Other,FAQ,13/05/2024,2275,2275,2275,1
Haryana,Gurgaon,Farukh Nagar,Wheat,Other,FAQ,08/05/2008,1005,1005,1005,1
Haryana,Gurgaon,Farukh Nagar,Wheat,Other,FAQ,10/05/2008,1000,1030,1015,1
Haryana,Gurgaon,Farukh Nagar,Wheat,Other,FAQ,13/05/2008,1005,1005,1005,1
Haryana,Gurgaon,Farukh Nagar,Wheat,Other,FAQ,16/05/2008,1005,1005,1005,1
Haryana,Gurgaon,Farukh Nagar,Wheat,Other,FAQ,30/05/2008,1020,1020,1020,1
Haryana,Gurgaon,Farukh Nagar,Wheat,Other,FAQ,17/04/2009,0,1080,1080,1
Haryana,Gurgaon,Farukh Nagar,Wheat,Other,FAQ,06/10/2014,1400,1450,1400,1
Haryana,Gurgaon,Farukh Nagar,Wheat,Other,FAQ,18/10/2014,1396,1400,1396,1
Haryana,Gurgaon,Farukh Nagar,Wheat,Other,FAQ,16/12/2014,1480,1480,1480,1
Haryana,Gurgaon,Farukh Nagar,Wheat,Other,FAQ,19/12/2014,1450,1450,1450,1
Haryana,Gurgaon,Farukh Nagar,Wheat,Other,FAQ,22/12/2014,1450,1450,1450,1
Haryana,Gurgaon,Farukh Nagar,Wheat,Other,FAQ,02/01/2016,1420,1420,1420,1
Haryana,Gurgaon,Farukh Nagar,Wheat,Other,FAQ,11/01/2016,1500,1500,1500,1
Haryana,Gurgaon,Farukh Nagar,Wheat,Other,FAQ,25/01/2016,1491,1491,1491,1
Haryana,Gurgaon,Farukh Nagar,Wheat,Other,FAQ,04/03/2016,1410,1500,1410,1
Haryana,Gurgaon,Farukh Nagar,Wheat,Other,FAQ,11/04/2016,1525,1525,1525,1
Haryana,Gurgaon,Farukh Nagar,Wheat,Other,FAQ,04/05/2016,1525,1525,1525,1
Haryana,Gurgaon,Farukh Nagar,Wheat,Other,FAQ,27/10/2016,1550,1550,1550,1
Haryana,Gurgaon,Farukh Nagar,Wheat,Other,FAQ,10/11/2016,1800,1800,1800,1
Haryana,Gurgaon,Farukh Nagar,Wheat,Other,FAQ,30/01/2015,1500,1500,1500,1
Haryana,Gurgaon,Farukh Nagar,Wheat,Other,FAQ,30/06/2015,1350,1350,1350,1
Haryana,Gurgaon,Farukh Nagar,Wheat,Other,FAQ,04/07/2015,1350,1350,1350,1
Haryana,Gurgaon,Farukh Nagar,Wheat,Other,FAQ,21/09/2015,1450,1450,1450,1
Haryana,Gurgaon,Farukh Nagar,Wheat,Other,FAQ,07/11/2015,1500,1500,1500,1
Haryana,Gurgaon,Farukh Nagar,Wheat,Other,FAQ,05/12/2015,1500,1500,1500,1
Haryana,Gurgaon,Farukh Nagar,Wheat,Other,FAQ,11/05/2017,1625,1625,1625,1
Haryana,Gurgaon,Farukh Nagar,Wheat,Other,FAQ,18/07/2017,1630,1630,1630,1
Haryana,Gurgaon,Farukh Nagar,Wheat,Other,FAQ,08/08/2017,1640,1640,1640,1
Haryana,Gurgaon,Farukh Nagar,Wheat,Other,FAQ,06/09/2017,1650,1650,1650,1
Haryana,Gurgaon,Farukh Nagar,Wheat,Other,FAQ,13/10/2017,1650,1650,1650,1
Haryana,Gurgaon,Farukh Nagar,Wheat,Other,FAQ,19/03/2018,1600,1600,1600,1
Haryana,Gurgaon,Farukh Nagar,Wheat,Other,FAQ,21/03/2018,1650,1650,1650,1
Haryana,Gurgaon,Farukh Nagar,Wheat,Other,FAQ,24/03/2018,1600,1600,1600,1
Haryana,Gurgaon,Farukh Nagar,Wheat,Other,FAQ,11/04/2018,1735,1735,1735,1
Haryana,Gurgaon,Farukh Nagar,Wheat,Other,FAQ,25/04/2018,1735,1735,1735,1
Haryana,Gurgaon,Farukh Nagar,Wheat,Other,FAQ,12/04/2019,1840,1840,1840,1
Haryana,Gurgaon,Farukh Nagar,Wheat,Other,FAQ,01/04/2022,2015,2025,2015,1
Haryana,Gurgaon,Farukh Nagar,Wheat,Other,FAQ,09/04/2022,2020,2020,2020,1
Haryana,Gurgaon,Farukh Nagar,Wheat,Other,FAQ,10/04/2022,2015,2025,2015,1
Haryana,Gurgaon,Farukh Nagar,Wheat,Other,FAQ,05/05/2022,2050,2050,2050,1
Haryana,Gurgaon,Farukh Nagar,Wheat,Other,FAQ,09/05/2022,2025,2025,2025,1
Haryana,Gurgaon,Farukh Nagar,Wheat,Other,FAQ,13/04/2023,2125,2130,2125,1
Haryana,Gurgaon,Farukh Nagar,Wheat,Other,FAQ,14/04/2023,2125,2130,2125,1
Haryana,Gurgaon,Farukh Nagar,Wheat,Other,FAQ,27/04/2023,2125,2125,2125,1
Haryana,Gurgaon,Farukh Nagar,Wheat,Other,FAQ,29/04/2023,2125,2125,2125,1
Haryana,Gurgaon,Farukh Nagar,Wheat,Other,FAQ,30/04/2024,2275,2300,2275,1
Haryana,Gurgaon,Farukh Nagar,Wheat,Other,FAQ,01/05/2024,2275,2290,2275,1
Haryana,Gurgaon,Farukh Nagar,Wheat,Other,FAQ,18/11/2014,1431,1431,1431,1
Haryana,Gurgaon,Farukh Nagar,Wheat,Other,FAQ,11/02/2015,1500,1500,1500,1
Haryana,Gurgaon,Farukh Nagar,Wheat,Other,FAQ,02/04/2015,1000,1000,1000,1
Haryana,Gurgaon,Farukh Nagar,Wheat,Other,FAQ,27/04/2015,1450,1450,1450,1
Haryana,Gurgaon,Farukh Nagar,Wheat,Other,FAQ,08/06/2015,1371,1371,1371,1
Haryana,Gurgaon,Farukh Nagar,Wheat,Other,FAQ,09/06/2015,1400,1400,1400,1
Haryana,Gurgaon,Farukh Nagar,Wheat,Other,FAQ,31/07/2015,1350,1350,1350,1
Haryana,Gurgaon,Farukh Nagar,Wheat,Other,FAQ,11/09/2015,1400,1400,1400,1
Haryana,Gurgaon,Farukh Nagar,Wheat,Other,FAQ,19/09/2015,1450,1450,1450,1
Haryana,Gurgaon,Farukh Nagar,Wheat,Other,FAQ,02/10/2015,1400,1400,1400,1
Haryana,Gurgaon,Farukh Nagar,Wheat,Other,FAQ,15/05/2008,1005,1040,1022,1
Haryana,Gurgaon,Farukh Nagar,Wheat,Other,FAQ,27/05/2008,1020,1020,1020,1
Haryana,Gurgaon,Farukh Nagar,Wheat,Other,FAQ,31/05/2008,1020,1020,1020,1
Haryana,Gurgaon,Farukh Nagar,Wheat,Other,FAQ,06/08/2008,1000,1000,1000,1
Haryana,Gurgaon,Farukh Nagar,Wheat,Other,FAQ,01/10/2008,925,925,925,1
Haryana,Gurgaon,Farukh Nagar,Wheat,Other,FAQ,04/01/2016,1471,1471,1471,1
Haryana,Gurgaon,Farukh Nagar,Wheat,Other,FAQ,13/01/2016,1471,1471,1471,1
Haryana,Gurgaon,Farukh Nagar,Wheat,Other,FAQ,14/01/2016,1400,1400,1400,1
Haryana,Gurgaon,Farukh Nagar,Wheat,Other,FAQ,20/01/2016,1550,1550,1550,1
Haryana,Gurgaon,Farukh Nagar,Wheat,Other,FAQ,22/01/2016,1450,1450,1450,1
Haryana,Gurgaon,Farukh Nagar,Wheat,Other,FAQ,20/02/2016,1500,1500,1500,1
Haryana,Gurgaon,Farukh Nagar,Wheat,Other,FAQ,29/03/2016,1400,1400,1400,1
Haryana,Gurgaon,Farukh Nagar,Wheat,Other,FAQ,09/04/2016,1525,1525,1525,1
Haryana,Gurgaon,Farukh Nagar,Wheat,Other,FAQ,23/07/2016,1500,1550,1500,1
Haryana,Gurgaon,Farukh Nagar,Wheat,Other,FAQ,26/10/2016,1750,1750,1750,1
Haryana,Gurgaon,Farukh Nagar,Wheat,Other,FAQ,04/01/2017,1850,1850,1850,1
Haryana,Gurgaon,Farukh Nagar,Wheat,Other,FAQ,28/07/2017,1630,1630,1630,1
Haryana,Gurgaon,Farukh Nagar,Wheat,Other,FAQ,22/08/2017,1650,1650,1650,1
Haryana,Gurgaon,Farukh Nagar,Wheat,Other,FAQ,17/03/2018,1600,1680,1600,1
Haryana,Gurgaon,Farukh Nagar,Wheat,Other,FAQ,10/04/2018,1735,1735,1735,1
Haryana,Gurgaon,Farukh Nagar,Wheat,Other,FAQ,29/05/2018,1100,1100,1100,1
Haryana,Gurgaon,Farukh Nagar,Wheat,Other,FAQ,02/04/2022,2025,2025,2025,1
Haryana,Gurgaon,Farukh Nagar,Wheat,Other,FAQ,04/04/2022,2015,2025,2015,1
Haryana,Gurgaon,Farukh Nagar,Wheat,Other,FAQ,05/04/2022,2015,2025,2015,1
Haryana,Gurgaon,Farukh Nagar,Wheat,Other,FAQ,07/04/2022,2015,2025,2015,1
Haryana,Gurgaon,Farukh Nagar,Wheat,Other,FAQ,12/04/2022,2015,2015,2015,1
Haryana,Gurgaon,Farukh Nagar,Wheat,Other,FAQ,14/04/2022,2015,2015,2015,1
Haryana,Gurgaon,Farukh Nagar,Wheat,Other,FAQ,15/04/2022,2015,2015,2015,1
Haryana,Gurgaon,Farukh Nagar,Wheat,Other,FAQ,20/04/2022,2020,2020,2020,1
Haryana,Gurgaon,Farukh Nagar,Wheat,Other,FAQ,29/04/2022,2050,2050,2050,1
Haryana,Gurgaon,Farukh Nagar,Wheat,Other,FAQ,23/05/2022,2020,2020,2020,1
Haryana,Gurgaon,Farukh Nagar,Wheat,Other,FAQ,30/04/2023,2127,2128,2127,1
Haryana,Gurgaon,Farukh Nagar,Wheat,Other,FAQ,05/05/2023,2125,2125,2125,1
Haryana,Gurgaon,Farukh Nagar,Wheat,Other,FAQ,09/05/2023,2125,2125,2125,1
Haryana,Gurgaon,Farukh Nagar,Wheat,Other,FAQ,09/04/2023,2126,2150,2126,1
Haryana,Gurgaon,Farukh Nagar,Wheat,Other,FAQ,11/05/2024,2275,2275,2275,1
Haryana,Gurgaon,Farukh Nagar,Wheat,Other,FAQ,07/05/2008,1000,1025,1012,1
Haryana,Gurgaon,Farukh Nagar,Wheat,Other,FAQ,12/05/2008,1005,1030,1017,1
Haryana,Gurgaon,Farukh Nagar,Wheat,Other,FAQ,28/05/2008,1000,1000,1000,1
Haryana,Gurgaon,Farukh Nagar,Wheat,Other,FAQ,04/06/2008,1010,1010,1010,1
Haryana,Gurgaon,Farukh Nagar,Wheat,Other,FAQ,27/08/2008,1005,1005,1005,1
Haryana,Gurgaon,Farukh Nagar,Wheat,Other,FAQ,04/11/2008,900,900,900,1
Haryana,Gurgaon,Farukh Nagar,Wheat,Other,FAQ,25/10/2014,1400,1400,1400,1
Haryana,Gurgaon,Farukh Nagar,Wheat,Other,FAQ,20/11/2014,1453,1453,1453,1
Haryana,Gurgaon,Farukh Nagar,Wheat,Other,FAQ,18/12/2014,1500,1500,1500,1
Haryana,Gurgaon,Farukh Nagar,Wheat,Other,FAQ,10/01/2015,1460,1500,1460,1
Haryana,Gurgaon,Farukh Nagar,Wheat,Other,FAQ,12/02/2015,1500,1500,1500,1
Haryana,Gurgaon,Farukh Nagar,Wheat,Other,FAQ,04/06/2015,1350,1350,1350,1
Haryana,Gurgaon,Farukh Nagar,Wheat,Other,FAQ,02/07/2015,1350,1350,1350,1
Haryana,Gurgaon,Farukh Nagar,Wheat,Other,FAQ,14/09/2015,1450,1450,1450,1
Haryana,Gurgaon,Farukh Nagar,Wheat,Other,FAQ,16/09/2015,1450,1450,1450,1
Haryana,Gurgaon,Farukh Nagar,Wheat,Other,FAQ,18/11/2015,1496,1496,1496,1
Haryana,Gurgaon,Farukh Nagar,Wheat,Other,FAQ,08/01/2016,1476,1550,1476,1
Haryana,Gurgaon,Farukh Nagar,Wheat,Other,FAQ,12/01/2016,1500,1500,1500,1
Haryana,Gurgaon,Farukh Nagar,Wheat,Other,FAQ,06/02/2016,1500,1500,1500,1
Haryana,Gurgaon,Farukh Nagar,Wheat,Other,FAQ,14/03/2016,1500,1500,1500,1
Haryana,Gurgaon,Farukh Nagar,Wheat,Other,FAQ,15/03/2016,1500,1500,1500,1
Haryana,Gurgaon,Farukh Nagar,Wheat,Other,FAQ,08/04/2016,1525,1525,1525,1
Haryana,Gurgaon,Farukh Nagar,Wheat,Other,FAQ,16/04/2016,1525,1525,1525,1
Haryana,Gurgaon,Farukh Nagar,Wheat,Other,FAQ,27/02/2018,1700,1700,1700,1
Haryana,Gurgaon,Farukh Nagar,Wheat,Other,FAQ,14/03/2018,1650,1650,1650,1
Haryana,Gurgaon,Farukh Nagar,Wheat,Other,FAQ,12/04/2018,1735,1735,1735,1
Haryana,Gurgaon,Farukh Nagar,Wheat,Other,FAQ,16/04/2018,1735,1735,1735,1
Haryana,Gurgaon,Farukh Nagar,Wheat,Other,FAQ,27/10/2017,1650,1650,1650,1
Haryana,Gurgaon,Farukh Nagar,Wheat,Other,FAQ,30/04/2019,1840,1840,1840,1
Haryana,Gurgaon,Farukh Nagar,Wheat,Other,FAQ,06/04/2022,2015,2025,2015,1
Haryana,Gurgaon,Farukh Nagar,Wheat,Other,FAQ,21/04/2022,2015,2015,2015,1
Haryana,Gurgaon,Farukh Nagar,Wheat,Other,FAQ,11/04/2023,2126,2150,2126,1
Haryana,Gurgaon,Farukh Nagar,Wheat,Other,FAQ,26/04/2024,2275,2275,2275,1
Haryana,Gurgaon,Farukh Nagar,Wheat,Other,FAQ,03/05/2024,2275,2280,2275,1
Haryana,Gurgaon,Farukh Nagar,Wheat,Other,FAQ,06/05/2024,2275,2275,2275,1
Haryana,Gurgaon,Gurgaon,Wheat,Other,FAQ,28/05/2007,1000,1500,1300,1
Haryana,Gurgaon,Gurgaon,Wheat,Other,FAQ,17/06/2007,1000,1200,1100,1
Haryana,Gurgaon,Gurgaon,Wheat,Other,FAQ,12/11/2007,1000,1400,1250,1
Haryana,Gurgaon,Gurgaon,Wheat,Other,FAQ,14/11/2007,1100,1400,1300,1
Haryana,Gurgaon,Gurgaon,Wheat,Other,FAQ,24/11/2007,1000,1500,1220,1
Haryana,Gurgaon,Gurgaon,Wheat,Other,FAQ,25/11/2007,1100,1450,1230,1
Haryana,Gurgaon,Gurgaon,Wheat,Other,FAQ,26/11/2007,1200,1600,1436,1
Haryana,Gurgaon,Gurgaon,Wheat,Other,FAQ,27/11/2007,1000,1500,1320,1
Haryana,Gurgaon,Gurgaon,Wheat,Other,FAQ,08/02/2005,750,820,800,1
Haryana,Gurgaon,Gurgaon,Wheat,Other,FAQ,23/03/2005,710,750,740,1
Haryana,Gurgaon,Gurgaon,Wheat,Other,FAQ,06/04/2005,900,1000,950,1
Haryana,Gurgaon,Gurgaon,Wheat,Other,FAQ,28/04/2005,650,720,700,1
Haryana,Gurgaon,Gurgaon,Wheat,Other,FAQ,03/05/2005,650,720,700,1
Haryana,Gurgaon,Gurgaon,Wheat,Other,FAQ,10/05/2005,650,750,700,1
Haryana,Gurgaon,Gurgaon,Wheat,Other,FAQ,18/05/2005,690,900,800,1
Haryana,Gurgaon,Gurgaon,Wheat,Other,FAQ,19/05/2005,690,900,820,1
Haryana,Gurgaon,Gurgaon,Wheat,Other,FAQ,28/05/2005,800,900,850,1
Haryana,Gurgaon,Gurgaon,Wheat,Other,FAQ,14/06/2005,700,900,820,1
Haryana,Gurgaon,Gurgaon,Wheat,Other,FAQ,17/06/2005,750,900,820,1
Haryana,Gurgaon,Gurgaon,Wheat,Other,FAQ,25/06/2005,720,900,820,1
Haryana,Gurgaon,Gurgaon,Wheat,Other,FAQ,28/06/2005,750,850,820,1
Haryana,Gurgaon,Gurgaon,Wheat,Other,FAQ,29/07/2005,750,820,795,1
Haryana,Gurgaon,Gurgaon,Wheat,Other,FAQ,12/08/2005,750,800,790,1
Haryana,Gurgaon,Gurgaon,Wheat,Other,FAQ,15/08/2005,760,810,790,1
Haryana,Gurgaon,Gurgaon,Wheat,Other,FAQ,23/08/2005,770,790,780,1
Haryana,Gurgaon,Gurgaon,Wheat,Other,FAQ,10/09/2005,730,770,750,1
Haryana,Gurgaon,Gurgaon,Wheat,Other,FAQ,17/09/2005,720,790,760,1
Haryana,Gurgaon,Gurgaon,Wheat,Other,FAQ,19/09/2005,720,790,780,1
Haryana,Gurgaon,Gurgaon,Wheat,Other,FAQ,20/09/2005,730,790,760,1
Haryana,Gurgaon,Gurgaon,Wheat,Other,FAQ,21/09/2005,770,800,785,1
Haryana,Gurgaon,Gurgaon,Wheat,Other,FAQ,06/10/2005,770,810,790,1
Haryana,Gurgaon,Gurgaon,Wheat,Other,FAQ,11/10/2005,770,810,790,1
Haryana,Gurgaon,Gurgaon,Wheat,Other,FAQ,19/10/2005,740,810,790,1
Haryana,Gurgaon,Gurgaon,Wheat,Other,FAQ,24/10/2005,770,810,790,1
Haryana,Gurgaon,Gurgaon,Wheat,Other,FAQ,10/11/2005,770,820,800,1
Haryana,Gurgaon,Gurgaon,Wheat,Other,FAQ,15/11/2005,770,810,790,1
Haryana,Gurgaon,Gurgaon,Wheat,Other,FAQ,21/11/2005,780,830,800,1
Haryana,Gurgaon,Gurgaon,Wheat,Other,FAQ,23/11/2005,800,840,820,1
Haryana,Gurgaon,Gurgaon,Wheat,Other,FAQ,24/11/2005,780,825,810,1
Haryana,Gurgaon,Gurgaon,Wheat,Other,FAQ,29/11/2005,800,840,810,1
Haryana,Gurgaon,Gurgaon,Wheat,Other,FAQ,25/02/2008,1100,1200,1150,1
Haryana,Gurgaon,Gurgaon,Wheat,Other,FAQ,01/03/2008,1000,1200,1100,1
Haryana,Gurgaon,Gurgaon,Wheat,Other,FAQ,05/05/2008,1100,1500,1350,1
Haryana,Gurgaon,Gurgaon,Wheat,Other,FAQ,16/05/2008,1100,1400,1200,1
Haryana,Gurgaon,Gurgaon,Wheat,Other,FAQ,17/05/2008,1100,1300,1200,1
Haryana,Gurgaon,Gurgaon,Wheat,Other,FAQ,18/05/2008,1050,1110,1100,1
Haryana,Gurgaon,Gurgaon,Wheat,Other,FAQ,10/06/2008,1100,1400,1250,1
Haryana,Gurgaon,Gurgaon,Wheat,Other,FAQ,17/06/2008,1100,1400,1250,1
Haryana,Gurgaon,Gurgaon,Wheat,Other,FAQ,11/08/2008,1000,1200,1100,1
Haryana,Gurgaon,Gurgaon,Wheat,Other,FAQ,13/08/2008,1000,1200,1100,1
Haryana,Gurgaon,Gurgaon,Wheat,Other,FAQ,15/04/2006,700,750,720,1
Haryana,Gurgaon,Gurgaon,Wheat,Other,FAQ,19/04/2006,700,1000,850,1
Haryana,Gurgaon,Gurgaon,Wheat,Other,FAQ,26/04/2006,740,800,750,1
Haryana,Gurgaon,Gurgaon,Wheat,Other,FAQ,26/04/2003,620,632,630,1
Haryana,Gurgaon,Gurgaon,Wheat,Other,FAQ,09/01/2006,800,900,880,1
Haryana,Gurgaon,Gurgaon,Wheat,Other,FAQ,27/02/2006,880,940,900,1
Haryana,Gurgaon,Gurgaon,Wheat,Other,FAQ,06/05/2006,750,850,800,1
Haryana,Gurgaon,Gurgaon,Wheat,Other,FAQ,02/05/2003,620,640,630,1
Haryana,Gurgaon,Gurgaon,Wheat,Other,FAQ,06/05/2003,630,650,640,1
Haryana,Gurgaon,Gurgaon,Wheat,Other,FAQ,18/02/2005,760,810,795,1
Haryana,Gurgaon,Gurgaon,Wheat,Other,FAQ,07/03/2005,720,730,727,1
Haryana,Gurgaon,Gurgaon,Wheat,Other,FAQ,03/04/2005,700,750,730,1
Haryana,Gurgaon,Gurgaon,Wheat,Other,FAQ,09/04/2005,650,1000,700,1
Haryana,Gurgaon,Gurgaon,Wheat,Other,FAQ,21/05/2005,700,900,800,1
Haryana,Gurgaon,Gurgaon,Wheat,Other,FAQ,30/05/2005,800,900,850,1
Haryana,Gurgaon,Gurgaon,Wheat,Other,FAQ,04/06/2005,790,1000,850,1
Haryana,Gurgaon,Gurgaon,Wheat,Other,FAQ,20/06/2005,760,900,850,1
Haryana,Gurgaon,Gurgaon,Wheat,Other,FAQ,27/06/2005,700,850,790,1
Haryana,Gurgaon,Gurgaon,Wheat,Other,FAQ,29/06/2005,700,900,820,1
Haryana,Gurgaon,Gurgaon,Wheat,Other,FAQ,04/07/2005,700,900,820,1
Haryana,Gurgaon,Gurgaon,Wheat,Other,FAQ,16/07/2005,700,850,800,1
Haryana,Gurgaon,Gurgaon,Wheat,Other,FAQ,20/07/2005,740,850,795,1
Haryana,Gurgaon,Gurgaon,Wheat,Other,FAQ,22/07/2005,740,850,795,1
Haryana,Gurgaon,Gurgaon,Wheat,Other,FAQ,25/07/2005,750,800,795,1
Haryana,Gurgaon,Gurgaon,Wheat,Other,FAQ,28/07/2005,750,850,795,1
Haryana,Gurgaon,Gurgaon,Wheat,Other,FAQ,03/08/2005,750,790,785,1
Haryana,Gurgaon,Gurgaon,Wheat,Other,FAQ,04/08/2005,750,790,780,1
Haryana,Gurgaon,Gurgaon,Wheat,Other,FAQ,13/08/2005,760,800,780,1
Haryana,Gurgaon,Gurgaon,Wheat,Other,FAQ,31/08/2005,720,750,740,1
Haryana,Gurgaon,Gurgaon,Wheat,Other,FAQ,08/09/2005,720,780,750,1
Haryana,Gurgaon,Gurgaon,Wheat,Other,FAQ,29/09/2005,770,810,790,1
Haryana,Gurgaon,Gurgaon,Wheat,Other,FAQ,30/09/2005,770,810,790,1
Haryana,Gurgaon,Gurgaon,Wheat,Other,FAQ,09/10/2005,770,810,800,1
Haryana,Gurgaon,Gurgaon,Wheat,Other,FAQ,14/10/2005,770,810,790,1
Haryana,Gurgaon,Gurgaon,Wheat,Other,FAQ,08/11/2005,750,800,780,1
Haryana,Gurgaon,Gurgaon,Wheat,Other,FAQ,11/11/2005,780,820,810,1
Haryana,Gurgaon,Gurgaon,Wheat,Other,FAQ,12/11/2005,780,820,810,1
Haryana,Gurgaon,Gurgaon,Wheat,Other,FAQ,14/11/2005,770,810,790,1
Haryana,Gurgaon,Gurgaon,Wheat,Other,FAQ,19/11/2005,780,820,810,1
Haryana,Gurgaon,Gurgaon,Wheat,Other,FAQ,01/12/2005,750,840,810,1
Haryana,Gurgaon,Gurgaon,Wheat,Other,FAQ,01/05/2007,900,1200,1000,1
Haryana,Gurgaon,Gurgaon,Wheat,Other,FAQ,25/05/2007,1000,1200,1100,1
Haryana,Gurgaon,Gurgaon,Wheat,Other,FAQ,13/09/2007,950,1200,1100,1
Haryana,Gurgaon,Gurgaon,Wheat,Other,FAQ,25/09/2007,900,1100,1000,1
Haryana,Gurgaon,Gurgaon,Wheat,Other,FAQ,10/10/2007,900,1000,950,1
Haryana,Gurgaon,Gurgaon,Wheat,Other,FAQ,16/11/2007,1000,1500,1300,1
Haryana,Gurgaon,Gurgaon,Wheat,Other,FAQ,29/11/2007,1000,1480,1295,1
Haryana,Gurgaon,Gurgaon,Wheat,Other,FAQ,22/12/2007,1100,1300,1210,1
Haryana,Gurgaon,Gurgaon,Wheat,Other,FAQ,23/02/2008,1100,1200,1150,1
Haryana,Gurgaon,Gurgaon,Wheat,Other,FAQ,02/05/2008,1100,1500,1350,1
Haryana,Gurgaon,Gurgaon,Wheat,Other,FAQ,08/05/2008,1100,1400,1250,1
Haryana,Gurgaon,Gurgaon,Wheat,Other,FAQ,09/06/2008,1100,1400,1250,1
Haryana,Gurgaon,Gurgaon,Wheat,Other,FAQ,16/06/2008,1100,1400,1250,1
Haryana,Gurgaon,Gurgaon,Wheat,Other,FAQ,03/07/2008,1000,1200,1100,1
Haryana,Gurgaon,Gurgaon,Wheat,Other,FAQ,07/07/2008,1100,1200,1150,1
Haryana,Gurgaon,Gurgaon,Wheat,Other,FAQ,14/08/2008,1100,1200,1150,1
Haryana,Gurgaon,Gurgaon,Wheat,Other,FAQ,15/08/2008,1000,1200,1100,1
Haryana,Gurgaon,Gurgaon,Wheat,Other,FAQ,29/05/2007,1000,1500,1300,1
Haryana,Gurgaon,Gurgaon,Wheat,Other,FAQ,22/10/2007,1000,1200,1100,1
Haryana,Gurgaon,Gurgaon,Wheat,Other,FAQ,11/11/2007,1100,1500,1250,1
Haryana,Gurgaon,Gurgaon,Wheat,Other,FAQ,09/05/2008,1100,1500,1350,1
Haryana,Gurgaon,Gurgaon,Wheat,Other,FAQ,15/05/2008,1100,1500,1300,1
Haryana,Gurgaon,Gurgaon,Wheat,Other,FAQ,19/05/2008,1100,1500,1300,1
Haryana,Gurgaon,Gurgaon,Wheat,Other,FAQ,08/06/2008,1100,1400,1250,1
Haryana,Gurgaon,Gurgaon,Wheat,Other,FAQ,25/06/2008,1100,1200,1150,1
Haryana,Gurgaon,Gurgaon,Wheat,Other,FAQ,30/06/2008,1100,1400,1250,1
Haryana,Gurgaon,Gurgaon,Wheat,Other,FAQ,16/01/2005,750,850,800,1
Haryana,Gurgaon,Gurgaon,Wheat,Other,FAQ,18/01/2005,750,810,795,1
Haryana,Gurgaon,Gurgaon,Wheat,Other,FAQ,10/02/2005,750,850,800,1
Haryana,Gurgaon,Gurgaon,Wheat,Other,FAQ,01/03/2005,735,760,745,1
Haryana,Gurgaon,Gurgaon,Wheat,Other,FAQ,04/03/2005,730,750,740,1
Haryana,Gurgaon,Gurgaon,Wheat,Other,FAQ,22/03/2005,720,740,730,1
Haryana,Gurgaon,Gurgaon,Wheat,Other,FAQ,05/04/2005,645,670,650,1
Haryana,Gurgaon,Gurgaon,Wheat,Other,FAQ,11/04/2005,640,700,680,1
Haryana,Gurgaon,Gurgaon,Wheat,Other,FAQ,12/04/2005,640,700,680,1
Haryana,Gurgaon,Gurgaon,Wheat,Other,FAQ,15/05/2005,680,750,720,1
Haryana,Gurgaon,Gurgaon,Wheat,Other,FAQ,17/05/2005,700,1000,800,1
Haryana,Gurgaon,Gurgaon,Wheat,Other,FAQ,22/05/2005,700,850,820,1
Haryana,Gurgaon,Gurgaon,Wheat,Other,FAQ,15/06/2005,750,1000,850,1
Haryana,Gurgaon,Gurgaon,Wheat,Other,FAQ,18/06/2005,750,900,820,1
Haryana,Gurgaon,Gurgaon,Wheat,Other,FAQ,22/06/2005,760,900,800,1
Haryana,Gurgaon,Gurgaon,Wheat,Other,FAQ,02/07/2005,700,900,820,1
Haryana,Gurgaon,Gurgaon,Wheat,Other,FAQ,06/07/2005,700,900,790,1
Haryana,Gurgaon,Gurgaon,Wheat,Other,FAQ,11/07/2005,700,850,720,1
Haryana,Gurgaon,Gurgaon,Wheat,Other,FAQ,27/07/2005,750,850,795,1
Haryana,Gurgaon,Gurgaon,Wheat,Other,FAQ,30/07/2005,750,850,795,1
Haryana,Gurgaon,Gurgaon,Wheat,Other,FAQ,18/08/2005,790,810,800,1
Haryana,Gurgaon,Gurgaon,Wheat,Other,FAQ,19/08/2005,780,800,790,1
Haryana,Gurgaon,Gurgaon,Wheat,Other,FAQ,20/08/2005,770,900,800,1
Haryana,Gurgaon,Gurgaon,Wheat,Other,FAQ,22/08/2005,770,820,790,1
Haryana,Gurgaon,Gurgaon,Wheat,Other,FAQ,25/08/2005,750,790,770,1
Haryana,Gurgaon,Gurgaon,Wheat,Other,FAQ,26/08/2005,750,790,775,1
Haryana,Gurgaon,Gurgaon,Wheat,Other,FAQ,03/09/2005,720,780,770,1
Haryana,Gurgaon,Gurgaon,Wheat,Other,FAQ,18/09/2005,720,790,750,1
Haryana,Gurgaon,Gurgaon,Wheat,Other,FAQ,24/09/2005,790,840,815,1
Haryana,Gurgaon,Gurgaon,Wheat,Other,FAQ,03/10/2005,770,810,790,1
Haryana,Gurgaon,Gurgaon,Wheat,Other,FAQ,13/10/2005,770,810,790,1
Haryana,Gurgaon,Gurgaon,Wheat,Other,FAQ,15/10/2005,750,800,790,1
Haryana,Gurgaon,Gurgaon,Wheat,Other,FAQ,20/10/2005,770,810,790,1
Haryana,Gurgaon,Gurgaon,Wheat,Other,FAQ,21/10/2005,770,810,790,1
Haryana,Gurgaon,Gurgaon,Wheat,Other,FAQ,22/10/2005,770,810,790,1
Haryana,Gurgaon,Gurgaon,Wheat,Other,FAQ,31/10/2005,750,820,800,1
Haryana,Gurgaon,Gurgaon,Wheat,Other,FAQ,18/11/2005,780,820,810,1
Haryana,Gurgaon,Gurgaon,Wheat,Other,FAQ,02/12/2005,820,850,835,1
Haryana,Gurgaon,Gurgaon,Wheat,Other,FAQ,03/12/2005,820,850,835,1
Haryana,Gurgaon,Gurgaon,Wheat,Other,FAQ,12/01/2006,900,1100,1050,1
Haryana,Gurgaon,Gurgaon,Wheat,Other,FAQ,20/06/2006,750,800,780,1
Haryana,Gurgaon,Gurgaon,Wheat,Other,FAQ,08/05/2007,900,1200,1000,1
Haryana,Gurgaon,Gurgaon,Wheat,Other,FAQ,26/05/2007,1000,1500,1250,1
Haryana,Gurgaon,Gurgaon,Wheat,Other,FAQ,12/06/2007,950,1200,1050,1
Haryana,Gurgaon,Gurgaon,Wheat,Other,FAQ,14/09/2007,950,1200,1100,1
Haryana,Gurgaon,Gurgaon,Wheat,Other,FAQ,15/09/2007,950,1200,1100,1
Haryana,Gurgaon,Gurgaon,Wheat,Other,FAQ,27/10/2007,1400,1500,1450,1
Haryana,Gurgaon,Gurgaon,Wheat,Other,FAQ,02/11/2007,1400,1500,1450,1
Haryana,Gurgaon,Gurgaon,Wheat,Other,FAQ,28/11/2007,1000,1400,1320,1
Haryana,Gurgaon,Gurgaon,Wheat,Other,FAQ,06/01/2006,750,900,880,1
Haryana,Gurgaon,Gurgaon,Wheat,Other,FAQ,08/07/2006,750,900,800,1
Haryana,Gurgaon,Gurgaon,Wheat,Other,FAQ,15/01/2005,750,850,800,1
Haryana,Gurgaon,Gurgaon,Wheat,Other,FAQ,09/02/2005,750,850,800,1
Haryana,Gurgaon,Gurgaon,Wheat,Other,FAQ,17/02/2005,770,820,800,1
Haryana,Gurgaon,Gurgaon,Wheat,Other,FAQ,04/04/2005,640,655,650,1
Haryana,Gurgaon,Gurgaon,Wheat,Other,FAQ,07/04/2005,640,680,650,1
Haryana,Gurgaon,Gurgaon,Wheat,Other,FAQ,27/04/2005,650,720,700,1
Haryana,Gurgaon,Gurgaon,Wheat,Other,FAQ,11/05/2005,650,790,750,1
Haryana,Gurgaon,Gurgaon,Wheat,Other,FAQ,12/05/2005,650,780,720,1
Haryana,Gurgaon,Gurgaon,Wheat,Other,FAQ,13/05/2005,680,750,720,1
Haryana,Gurgaon,Gurgaon,Wheat,Other,FAQ,26/05/2005,790,1100,950,1
Haryana,Gurgaon,Gurgaon,Wheat,Other,FAQ,06/06/2005,720,1000,800,1
Haryana,Gurgaon,Gurgaon,Wheat,Other,FAQ,09/06/2005,800,900,820,1
Haryana,Gurgaon,Gurgaon,Wheat,Other,FAQ,10/06/2005,780,900,820,1
Haryana,Gurgaon,Gurgaon,Wheat,Other,FAQ,05/07/2005,700,900,850,1
Haryana,Gurgaon,Gurgaon,Wheat,Other,FAQ,18/07/2005,720,850,820,1
Haryana,Gurgaon,Gurgaon,Wheat,Other,FAQ,09/08/2005,750,790,775,1
Haryana,Gurgaon,Gurgaon,Wheat,Other,FAQ,11/08/2005,750,790,780,1
Haryana,Gurgaon,Gurgaon,Wheat,Other,FAQ,17/08/2005,790,810,800,1
Haryana,Gurgaon,Gurgaon,Wheat,Other,FAQ,21/08/2005,750,800,790,1
Haryana,Gurgaon,Gurgaon,Wheat,Other,FAQ,30/08/2005,720,760,740,1
Haryana,Gurgaon,Gurgaon,Wheat,Other,FAQ,01/09/2005,720,760,740,1
Haryana,Gurgaon,Gurgaon,Wheat,Other,FAQ,12/09/2005,770,810,790,1
Haryana,Gurgaon,Gurgaon,Wheat,Other,FAQ,15/09/2005,770,800,790,1
Haryana,Gurgaon,Gurgaon,Wheat,Other,FAQ,28/09/2005,770,810,800,1
Haryana,Gurgaon,Gurgaon,Wheat,Other,FAQ,04/10/2005,780,790,785,1
Haryana,Gurgaon,Gurgaon,Wheat,Other,FAQ,05/10/2005,770,810,790,1
Haryana,Gurgaon,Gurgaon,Wheat,Other,FAQ,08/10/2005,750,800,790,1
Haryana,Gurgaon,Gurgaon,Wheat,Other,FAQ,25/10/2005,770,810,790,1
Haryana,Gurgaon,Gurgaon,Wheat,Other,FAQ,17/11/2005,780,830,815,1
Haryana,Gurgaon,Gurgaon,Wheat,Other,FAQ,27/11/2005,780,830,810,1
Haryana,Gurgaon,Gurgaon,Wheat,Other,FAQ,08/05/2003,630,640,632,1
Haryana,Gurgaon,Gurgaon,Wheat,Other,FAQ,03/01/2008,1050,1250,1160,1
Haryana,Gurgaon,Gurgaon,Wheat,Other,FAQ,30/01/2008,1000,1250,1180,1
Haryana,Gurgaon,Gurgaon,Wheat,Other,FAQ,24/02/2008,1100,1200,1150,1
Haryana,Gurgaon,Gurgaon,Wheat,Other,FAQ,02/04/2008,1100,1150,1130,1
Haryana,Gurgaon,Gurgaon,Wheat,Other,FAQ,12/05/2008,1100,1450,1300,1
Haryana,Gurgaon,Gurgaon,Wheat,Other,FAQ,18/06/2008,1200,1500,1350,1
Haryana,Gurgaon,Gurgaon,Wheat,Other,FAQ,19/06/2008,1100,1400,1250,1
Haryana,Gurgaon,Gurgaon,Wheat,Other,FAQ,04/07/2008,1000,1200,1100,1
Haryana,Gurgaon,Gurgaon,Wheat,Other,FAQ,30/07/2008,1000,1200,1100,1
Haryana,Gurgaon,Gurgaon,Wheat,Other,FAQ,18/08/2008,1100,1200,1150,1
Haryana,Gurgaon,Gurgaon,Wheat,Other,FAQ,05/05/2007,900,1200,1050,1
Haryana,Gurgaon,Gurgaon,Wheat,Other,FAQ,09/05/2007,900,1200,1000,1
Haryana,Gurgaon,Gurgaon,Wheat,Other,FAQ,18/06/2007,1000,1200,1100,1
Haryana,Gurgaon,Gurgaon,Wheat,Other,FAQ,26/06/2007,850,1200,1000,1
Haryana,Gurgaon,Gurgaon,Wheat,Other,FAQ,03/09/2007,1100,1200,1150,1
Haryana,Gurgaon,Gurgaon,Wheat,Other,FAQ,01/10/2007,900,1000,950,1
Haryana,Gurgaon,Gurgaon,Wheat,Other,FAQ,17/10/2007,1000,1200,1100,1
Haryana,Gurgaon,Gurgaon,Wheat,Other,FAQ,19/10/2007,1000,1200,1100,1
Haryana,Gurgaon,Gurgaon,Wheat,Other,FAQ,30/10/2007,1400,1500,1450,1
Haryana,Gurgaon,Gurgaon,Wheat,Other,FAQ,17/01/2005,750,850,795,1
Haryana,Gurgaon,Gurgaon,Wheat,Other,FAQ,16/04/2005,640,660,650,1
Haryana,Gurgaon,Gurgaon,Wheat,Other,FAQ,04/05/2005,680,770,730,1
Haryana,Gurgaon,Gurgaon,Wheat,Other,FAQ,09/05/2005,650,770,720,1
Haryana,Gurgaon,Gurgaon,Wheat,Other,FAQ,14/05/2005,680,750,725,1
Haryana,Gurgaon,Gurgaon,Wheat,Other,FAQ,27/05/2005,800,900,850,1
Haryana,Gurgaon,Gurgaon,Wheat,Other,FAQ,01/06/2005,700,850,750,1
Haryana,Gurgaon,Gurgaon,Wheat,Other,FAQ,11/06/2005,780,850,820,1
Haryana,Gurgaon,Gurgaon,Wheat,Other,FAQ,23/06/2005,760,1000,800,1
Haryana,Gurgaon,Gurgaon,Wheat,Other,FAQ,30/06/2005,700,900,820,1
Haryana,Gurgaon,Gurgaon,Wheat,Other,FAQ,17/07/2005,720,850,820,1
Haryana,Gurgaon,Gurgaon,Wheat,Other,FAQ,19/07/2005,720,850,810,1
Haryana,Gurgaon,Gurgaon,Wheat,Other,FAQ,23/07/2005,720,810,795,1
Haryana,Gurgaon,Gurgaon,Wheat,Other,FAQ,26/07/2005,740,850,795,1
Haryana,Gurgaon,Gurgaon,Wheat,Other,FAQ,01/08/2005,750,850,795,1
Haryana,Gurgaon,Gurgaon,Wheat,Other,FAQ,02/08/2005,750,790,785,1
Haryana,Gurgaon,Gurgaon,Wheat,Other,FAQ,10/08/2005,750,790,775,1
Haryana,Gurgaon,Gurgaon,Wheat,Other,FAQ,24/08/2005,770,800,790,1
Haryana,Gurgaon,Gurgaon,Wheat,Other,FAQ,05/09/2005,720,770,750,1
Haryana,Gurgaon,Gurgaon,Wheat,Other,FAQ,06/09/2005,720,780,750,1
Haryana,Gurgaon,Gurgaon,Wheat,Other,FAQ,13/09/2005,770,800,790,1
Haryana,Gurgaon,Gurgaon,Wheat,Other,FAQ,01/10/2005,770,810,790,1
Haryana,Gurgaon,Gurgaon,Wheat,Other,FAQ,07/10/2005,770,810,790,1
Haryana,Gurgaon,Gurgaon,Wheat,Other,FAQ,10/10/2005,770,810,800,1
Haryana,Gurgaon,Gurgaon,Wheat,Other,FAQ,17/10/2005,700,800,780,1
Haryana,Gurgaon,Gurgaon,Wheat,Other,FAQ,18/10/2005,750,800,790,1
Haryana,Gurgaon,Gurgaon,Wheat,Other,FAQ,23/10/2005,750,850,810,1
Haryana,Gurgaon,Gurgaon,Wheat,Other,FAQ,05/11/2005,750,820,800,1
Haryana,Gurgaon,Gurgaon,Wheat,Other,FAQ,09/11/2005,750,800,780,1
Haryana,Gurgaon,Gurgaon,Wheat,Other,FAQ,16/11/2005,780,820,810,1
Haryana,Gurgaon,Gurgaon,Wheat,Other,FAQ,05/12/2005,830,850,840,1
Haryana,Gurgaon,Gurgaon,Wheat,Other,FAQ,27/01/2008,1000,1250,1130,1
Haryana,Gurgaon,Gurgaon,Wheat,Other,FAQ,01/05/2008,1200,1600,1400,1
Haryana,Gurgaon,Gurgaon,Wheat,Other,FAQ,11/05/2008,1100,1500,1300,1
Haryana,Gurgaon,Gurgaon,Wheat,Other,FAQ,30/05/2008,1000,1150,1050,1
Haryana,Gurgaon,Gurgaon,Wheat,Other,FAQ,26/06/2008,1100,1200,1150,1
Haryana,Gurgaon,Gurgaon,Wheat,Other,FAQ,18/07/2008,1200,1400,1300,1
Haryana,Gurgaon,Gurgaon,Wheat,Other,FAQ,12/08/2008,1000,1200,1100,1
Haryana,Gurgaon,Gurgaon,Wheat,Other,FAQ,16/08/2008,1000,1200,1100,1
Haryana,Gurgaon,Gurgaon,Wheat,Other,FAQ,17/08/2008,1000,1200,1100,1
Haryana,Gurgaon,Gurgaon,Wheat,Other,FAQ,19/08/2008,1000,1200,1100,1
Haryana,Gurgaon,Gurgaon,Wheat,Other,FAQ,14/04/2006,700,750,720,1
Haryana,Gurgaon,Gurgaon,Wheat,Other,FAQ,01/05/2003,620,640,630,1
Haryana,Gurgaon,Pataudi,Wheat,Other,FAQ,27/01/2007,978,980,980,1
Haryana,Gurgaon,Pataudi,Wheat,Other,FAQ,29/01/2007,915,958,925,1
Haryana,Gurgaon,Pataudi,Wheat,Other,FAQ,09/02/2007,965,965,965,1
Haryana,Gurgaon,Pataudi,Wheat,Other,FAQ,10/02/2007,977,977,977,1
Haryana,Gurgaon,Pataudi,Wheat,Other,FAQ,20/02/2007,959,998,970,1
Haryana,Gurgaon,Pataudi,Wheat,Other,FAQ,27/02/2007,944,950,945,1
Haryana,Gurgaon,Pataudi,Wheat,Other,FAQ,19/03/2007,927,935,930,1
Haryana,Gurgaon,Pataudi,Wheat,Other,FAQ,04/04/2007,851,897,870,1
Haryana,Gurgaon,Pataudi,Wheat,Other,FAQ,06/04/2007,851,868,860,1
Haryana,Gurgaon,Pataudi,Wheat,Other,FAQ,11/04/2007,850,860,855,1
Haryana,Gurgaon,Pataudi,Wheat,Other,FAQ,14/04/2007,850,855,853,1
Haryana,Gurgaon,Pataudi,Wheat,Other,FAQ,20/04/2007,851,879,865,1
Haryana,Gurgaon,Pataudi,Wheat,Other,FAQ,30/04/2007,851,851,851,1
Haryana,Gurgaon,Pataudi,Wheat,Other,FAQ,01/05/2007,851,862,860,1
Haryana,Gurgaon,Pataudi,Wheat,Other,FAQ,03/05/2007,851,867,860,1
Haryana,Gurgaon,Pataudi,Wheat,Other,FAQ,04/05/2007,853,1320,855,1
Haryana,Gurgaon,Pataudi,Wheat,Other,FAQ,07/05/2007,851,855,852,1
Haryana,Gurgaon,Pataudi,Wheat,Other,FAQ,08/05/2007,851,870,860,1
Haryana,Gurgaon,Pataudi,Wheat,Other,FAQ,12/05/2007,850,1320,1085,1
Haryana,Gurgaon,Pataudi,Wheat,Other,FAQ,27/08/2007,905,938,922,1
Haryana,Gurgaon,Pataudi,Wheat,Other,FAQ,29/08/2007,900,938,919,1
Haryana,Gurgaon,Pataudi,Wheat,Other,FAQ,02/10/2007,904,916,910,1
Haryana,Gurgaon,Pataudi,Wheat,Other,FAQ,30/11/2007,960,966,963,1
Haryana,Gurgaon,Pataudi,Wheat,Other,FAQ,10/12/2007,955,965,960,1
Haryana,Gurgaon,Pataudi,Wheat,Other,FAQ,12/12/2007,950,961,955,1
Haryana,Gurgaon,Pataudi,Wheat,Other,FAQ,31/12/2007,963,974,968,1
Haryana,Gurgaon,Pataudi,Wheat,Local,FAQ,27/11/2008,1069,1074,1072,1
Haryana,Gurgaon,Pataudi,Wheat,Local,FAQ,01/12/2008,1047,1050,1048,1
Haryana,Gurgaon,Pataudi,Wheat,Local,FAQ,04/12/2008,1043,1065,1054,1
Haryana,Gurgaon,Pataudi,Wheat,Other,FAQ,01/01/2008,964,974,969,1
Haryana,Gurgaon,Pataudi,Wheat,Other,FAQ,03/01/2008,900,976,933,1
Haryana,Gurgaon,Pataudi,Wheat,Other,FAQ,04/01/2008,977,977,977,1
Haryana,Gurgaon,Pataudi,Wheat,Other,FAQ,14/04/2008,1000,1000,1000,1
Haryana,Gurgaon,Pataudi,Wheat,White,FAQ,01/01/2010,1231,1231,1231,1
Haryana,Gurgaon,Pataudi,Wheat,White,FAQ,06/01/2010,1264,1266,1265,1
Haryana,Gurgaon,Pataudi,Wheat,White,FAQ,23/01/2010,1305,1306,1306,1
Haryana,Gurgaon,Pataudi,Wheat,White,FAQ,26/02/2010,1227,1227,1227,1
Haryana,Gurgaon,Pataudi,Wheat,White,FAQ,02/03/2010,1182,1182,1182,1
Haryana,Gurgaon,Pataudi,Wheat,White,FAQ,11/03/2010,1060,1060,1060,1
Haryana,Gurgaon,Pataudi,Wheat,White,FAQ,08/04/2010,1100,1100,1100,1
Haryana,Gurgaon,Pataudi,Wheat,White,FAQ,17/04/2010,1100,1100,1100,1
Haryana,Gurgaon,Pataudi,Wheat,White,FAQ,22/04/2010,1100,1750,1425,1
Haryana,Gurgaon,Pataudi,Wheat,White,FAQ,23/04/2010,1100,1100,1100,1
Haryana,Gurgaon,Pataudi,Wheat,White,FAQ,09/06/2010,1060,1115,1088,1
Haryana,Gurgaon,Pataudi,Wheat,White,FAQ,15/07/2010,1097,1097,1097,1
Haryana,Gurgaon,Pataudi,Wheat,White,FAQ,25/09/2010,1100,1100,1100,1
Haryana,Gurgaon,Pataudi,Wheat,White,FAQ,02/10/2010,1118,1118,1118,1
Haryana,Gurgaon,Pataudi,Wheat,White,FAQ,25/10/2010,1080,1143,1111,1
Haryana,Gurgaon,Pataudi,Wheat,Other,FAQ,14/03/2011,1120,1180,1150,1
Haryana,Gurgaon,Pataudi,Wheat,Other,FAQ,21/03/2011,1119,1139,1126,1
Haryana,Gurgaon,Pataudi,Wheat,Other,FAQ,24/03/2011,1050,1050,1050,1
Haryana,Gurgaon,Pataudi,Wheat,Other,FAQ,26/03/2011,1050,1060,1055,1
Haryana,Gurgaon,Pataudi,Wheat,Other,FAQ,08/04/2011,1120,1120,1120,1
Haryana,Gurgaon,Pataudi,Wheat,Other,FAQ,25/04/2011,1120,1120,1120,1
Haryana,Gurgaon,Pataudi,Wheat,Other,FAQ,04/08/2011,875,1014,945,1
Haryana,Gurgaon,Pataudi,Wheat,Other,FAQ,09/08/2011,1010,1011,1010.5,1
Haryana,Gurgaon,Pataudi,Wheat,Other,FAQ,18/08/2011,890,890,890,1
Haryana,Gurgaon,Pataudi,Wheat,Other,FAQ,29/08/2011,1020,1020,1020,1
Haryana,Gurgaon,Pataudi,Wheat,Other,FAQ,30/08/2011,945,1056,1000,1
Haryana,Gurgaon,Pataudi,Wheat,Other,FAQ,21/09/2011,990,1025,1007,1
Haryana,Gurgaon,Pataudi,Wheat,Other,FAQ,08/10/2011,1001,1020,1010,1
Haryana,Gurgaon,Pataudi,Wheat,Other,FAQ,05/11/2011,1034,1037,1035,1
Haryana,Gurgaon,Pataudi,Wheat,Other,FAQ,11/11/2011,950,1023,986,1
Haryana,Gurgaon,Pataudi,Wheat,Other,FAQ,21/11/2011,1071,1071,1071,1
Haryana,Gurgaon,Pataudi,Wheat,Other,FAQ,29/11/2011,1073,1073,1073,1
Haryana,Gurgaon,Pataudi,Wheat,Other,FAQ,07/12/2011,1068,1102,1085,1
Haryana,Gurgaon,Pataudi,Wheat,Other,FAQ,14/12/2011,1163,1163,1163,1
Haryana,Gurgaon,Pataudi,Wheat,Other,FAQ,20/12/2011,1127,1127,1127,1
Haryana,Gurgaon,Pataudi,Wheat,Other,FAQ,21/12/2011,1142,1142,1142,1
Haryana,Gurgaon,Pataudi,Wheat,Other,FAQ,23/12/2011,1118,1130,1124,1
Haryana,Gurgaon,Pataudi,Wheat,Other,FAQ,30/12/2011,1123,1123,1123,1
Haryana,Gurgaon,Pataudi,Wheat,Other,FAQ,02/01/2012,1100,1100,1100,1
Haryana,Gurgaon,Pataudi,Wheat,Other,FAQ,03/02/2012,1160,1160,1160,1
Haryana,Gurgaon,Pataudi,Wheat,Other,FAQ,04/02/2012,1155,1155,1155,1
Haryana,Gurgaon,Pataudi,Wheat,Other,FAQ,01/03/2012,1025,1025,1025,1
Haryana,Gurgaon,Pataudi,Wheat,Other,FAQ,05/03/2012,1071,1138,1105,1
Haryana,Gurgaon,Pataudi,Wheat,Other,FAQ,17/03/2012,1125,1125,1125,1
Haryana,Gurgaon,Pataudi,Wheat,Other,FAQ,19/03/2012,1144,1150,1147,1
Haryana,Gurgaon,Pataudi,Wheat,Other,FAQ,20/03/2012,1100,1100,1100,1
Haryana,Gurgaon,Pataudi,Wheat,Other,FAQ,21/03/2012,1100,1166,1133,1
Haryana,Gurgaon,Pataudi,Wheat,Other,FAQ,09/04/2012,1285,1285,1285,1
Haryana,Gurgaon,Pataudi,Wheat,Other,FAQ,18/04/2012,1285,1285,1285,1
Haryana,Gurgaon,Pataudi,Wheat,Other,FAQ,20/04/2012,1285,1285,1285,1
Haryana,Gurgaon,Pataudi,Wheat,Other,FAQ,27/04/2012,1285,1285,1285,1
Haryana,Gurgaon,Pataudi,Wheat,Other,FAQ,09/08/2012,1287,1287,1287,1
Haryana,Gurgaon,Pataudi,Wheat,Other,FAQ,18/09/2012,1437,1437,1437,1
Haryana,Gurgaon,Pataudi,Wheat,Other,FAQ,10/10/2012,1459,1459,1459,1
Haryana,Gurgaon,Pataudi,Wheat,Other,FAQ,01/11/2012,1370,1452,1411,1
Haryana,Gurgaon,Pataudi,Wheat,Other,FAQ,08/11/2012,1444,1448,1446,1
Haryana,Gurgaon,Pataudi,Wheat,Other,FAQ,07/12/2012,1510,1510,1510,1
Haryana,Gurgaon,Pataudi,Wheat,Other,FAQ,15/12/2012,1461,1542,1502,1
Haryana,Gurgaon,Pataudi,Wheat,Local,FAQ,09/06/2009,980,980,980,1
Haryana,Gurgaon,Pataudi,Wheat,Local,FAQ,15/06/2009,921,963,942,1
Haryana,Gurgaon,Pataudi,Wheat,Other,FAQ,18/04/2009,1080,1080,1080,1
Haryana,Gurgaon,Pataudi,Wheat,Other,FAQ,21/04/2009,1080,1080,1080,1
Haryana,Gurgaon,Pataudi,Wheat,Other,FAQ,27/04/2009,1080,1080,1080,1
Haryana,Gurgaon,Pataudi,Wheat,Other,FAQ,25/09/2009,1094,1094,1094,1
Haryana,Gurgaon,Pataudi,Wheat,Other,FAQ,01/10/2009,1100,1100,1100,1
Haryana,Gurgaon,Pataudi,Wheat,Other,FAQ,14/10/2009,1120,1120,1120,1
Haryana,Gurgaon,Pataudi,Wheat,Other,FAQ,20/10/2009,1159,1170,1160,1
Haryana,Gurgaon,Pataudi,Wheat,Other,FAQ,05/11/2009,1301,1302,1302,1
Haryana,Gurgaon,Pataudi,Wheat,Other,FAQ,07/11/2009,1297,1301,1299,1
Haryana,Gurgaon,Pataudi,Wheat,Other,FAQ,14/11/2009,1280,1280,1280,1
Haryana,Gurgaon,Pataudi,Wheat,White,FAQ,21/12/2009,1240,1284,1262,1
Haryana,Gurgaon,Pataudi,Wheat,Other,FAQ,14/08/2006,850,850,850,1
Haryana,Gurgaon,Pataudi,Wheat,Other,FAQ,22/08/2006,925,926,925,1
Haryana,Gurgaon,Pataudi,Wheat,Other,FAQ,31/08/2006,900,900,900,1
Haryana,Gurgaon,Pataudi,Wheat,Other,FAQ,23/09/2006,924,955,940,1
Haryana,Gurgaon,Pataudi,Wheat,Other,FAQ,09/10/2006,909,926,925,1
Haryana,Gurgaon,Pataudi,Wheat,Other,FAQ,16/10/2006,965,965,965,1
Haryana,Gurgaon,Pataudi,Wheat,Other,FAQ,19/10/2006,950,953,952,1
Haryana,Gurgaon,Pataudi,Wheat,Other,FAQ,09/11/2006,996,1013,1000,1
Haryana,Gurgaon,Pataudi,Wheat,Other,FAQ,18/11/2006,1055,1060,1058,1
Haryana,Gurgaon,Pataudi,Wheat,Other,FAQ,20/11/2006,1038,1046,1040,1
Haryana,Gurgaon,Pataudi,Wheat,Other,FAQ,25/11/2006,1019,1024,1024,1
Haryana,Gurgaon,Pataudi,Wheat,Other,FAQ,27/11/2006,1020,1045,1024,1
Haryana,Gurgaon,Pataudi,Wheat,Other,FAQ,05/12/2006,1024,1034,1029,1
Haryana,Gurgaon,Pataudi,Wheat,Other,FAQ,07/12/2006,1022,1031,1031,1
Haryana,Gurgaon,Pataudi,Wheat,Other,FAQ,11/12/2006,1014,1015,1015,1
Haryana,Gurgaon,Pataudi,Wheat,Other,FAQ,15/12/2006,1000,1000,1000,1
Haryana,Gurgaon,Pataudi,Wheat,Other,FAQ,11/01/2013,1534,1534,1534,1
Haryana,Gurgaon,Pataudi,Wheat,Other,FAQ,08/03/2013,1490,1490,1490,1
Haryana,Gurgaon,Pataudi,Wheat,Other,FAQ,18/03/2013,1400,1425,1413,1
Haryana,Gurgaon,Pataudi,Wheat,Other,FAQ,23/03/2013,1400,1420,1410,1
Haryana,Gurgaon,Pataudi,Wheat,Other,FAQ,20/04/2013,1350,1350,1350,1
Haryana,Gurgaon,Pataudi,Wheat,Other,FAQ,22/04/2013,1350,1350,1350,1
Haryana,Gurgaon,Pataudi,Wheat,Other,FAQ,29/04/2013,1350,1350,1350,1
Haryana,Gurgaon,Pataudi,Wheat,Other,FAQ,28/08/2013,3129,3129,3129,1
Haryana,Gurgaon,Pataudi,Wheat,Other,FAQ,12/09/2013,1200,1200,1200,1
Haryana,Gurgaon,Pataudi,Wheat,Other,FAQ,27/09/2013,1342,1342,1342,1
Haryana,Gurgaon,Pataudi,Wheat,Other,FAQ,25/10/2013,1557,1563,1560,1
Haryana,Gurgaon,Pataudi,Wheat,Other,FAQ,14/11/2013,1544,1544,1544,1
Haryana,Gurgaon,Pataudi,Wheat,Other,FAQ,03/12/2013,1500,1546,1523,1
Haryana,Gurgaon,Pataudi,Wheat,Other,FAQ,07/12/2013,1520,1520,1520,1
Haryana,Gurgaon,Pataudi,Wheat,Other,FAQ,09/12/2013,1538,1538,1538,1
Haryana,Gurgaon,Pataudi,Wheat,Other,FAQ,21/12/2013,1571,1571,1571,1
Haryana,Gurgaon,Pataudi,Wheat,Other,FAQ,27/12/2013,1569,1569,1569,1
Haryana,Gurgaon,Pataudi,Wheat,Other,FAQ,04/03/2014,1581,1584,1583,1
Haryana,Gurgaon,Pataudi,Wheat,Other,FAQ,26/03/2014,1492,1512,1502,1
Haryana,Gurgaon,Pataudi,Wheat,Other,FAQ,01/10/2014,1433,1433,1433,1
Haryana,Gurgaon,Pataudi,Wheat,Other,FAQ,08/11/2014,1440,1443,1442,1
Haryana,Gurgaon,Pataudi,Wheat,Other,FAQ,30/01/2015,1569,1569,1569,1
Haryana,Gurgaon,Pataudi,Wheat,Other,FAQ,14/02/2015,1539,1539,1539,1
Haryana,Gurgaon,Pataudi,Wheat,Other,FAQ,20/02/2015,1540,1540,1540,1
Haryana,Gurgaon,Pataudi,Wheat,Other,FAQ,17/03/2015,1556,1556,1556,1
Haryana,Gurgaon,Pataudi,Wheat,Other,FAQ,02/09/2015,1435,1435,1435,1
Haryana,Gurgaon,Pataudi,Wheat,Other,FAQ,08/09/2015,1433,1441,1438,1
Haryana,Gurgaon,Pataudi,Wheat,Other,FAQ,09/09/2015,1435,1445,1440,1
Haryana,Gurgaon,Pataudi,Wheat,Other,FAQ,28/09/2015,1465,1466,1465,1
Haryana,Gurgaon,Pataudi,Wheat,Other,FAQ,06/10/2015,1500,1500,1500,1
Haryana,Gurgaon,Pataudi,Wheat,Other,FAQ,07/10/2015,1490,1530,1510,1
Haryana,Gurgaon,Pataudi,Wheat,Other,FAQ,18/11/2015,1450,1450,1450,1
Haryana,Gurgaon,Pataudi,Wheat,Other,FAQ,02/12/2015,1534,1534,1534,1
Haryana,Gurgaon,Pataudi,Wheat,Other,FAQ,03/12/2015,1510,1530,1520,1
Haryana,Gurgaon,Pataudi,Wheat,Other,FAQ,05/12/2015,1525,1525,1525,1
Haryana,Gurgaon,Pataudi,Wheat,Other,FAQ,04/08/2017,1605,1605,1605,1
Haryana,Gurgaon,Pataudi,Wheat,Other,FAQ,28/02/2018,1606,1606,1606,1
Haryana,Gurgaon,Pataudi,Wheat,Other,FAQ,03/04/2018,1735,1735,1735,1
Haryana,Gurgaon,Pataudi,Wheat,Other,FAQ,18/04/2018,1735,1735,1735,1
Haryana,Gurgaon,Pataudi,Wheat,Other,FAQ,19/04/2018,1735,1735,1735,1
Haryana,Gurgaon,Pataudi,Wheat,Other,FAQ,07/12/2010,1130,1130,1130,1
Haryana,Gurgaon,Pataudi,Wheat,Other,FAQ,08/12/2010,1155,1155,1155,1
Haryana,Gurgaon,Pataudi,Wheat,Other,FAQ,20/12/2010,1148,1200,1174,1
Haryana,Gurgaon,Pataudi,Wheat,Other,FAQ,24/12/2010,1140,1140,1140,1
Haryana,Gurgaon,Pataudi,Wheat,White,FAQ,01/02/2010,1279,1279,1279,1
Haryana,Gurgaon,Pataudi,Wheat,White,FAQ,05/02/2010,1280,1280,1280,1
Haryana,Gurgaon,Pataudi,Wheat,White,FAQ,12/04/2010,1100,1100,1100,1
Haryana,Gurgaon,Pataudi,Wheat,White,FAQ,14/04/2010,1100,1100,1100,1
Haryana,Gurgaon,Pataudi,Wheat,White,FAQ,13/07/2010,1050,1076,1063,1
Haryana,Gurgaon,Pataudi,Wheat,White,FAQ,19/07/2010,1070,1100,1085,1
Haryana,Gurgaon,Pataudi,Wheat,White,FAQ,10/09/2010,1101,1101,1101,1
Haryana,Gurgaon,Pataudi,Wheat,Other,FAQ,18/08/2006,925,930,925,1
Haryana,Gurgaon,Pataudi,Wheat,Other,FAQ,21/08/2006,940,940,940,1
Haryana,Gurgaon,Pataudi,Wheat,Other,FAQ,29/08/2006,880,897,885,1
Haryana,Gurgaon,Pataudi,Wheat,Other,FAQ,14/09/2006,930,932,931,1
Haryana,Gurgaon,Pataudi,Wheat,Other,FAQ,18/09/2006,927,970,935,1
Haryana,Gurgaon,Pataudi,Wheat,Other,FAQ,19/09/2006,936,936,936,1
Haryana,Gurgaon,Pataudi,Wheat,Other,FAQ,14/10/2006,917,936,925,1
Haryana,Gurgaon,Pataudi,Wheat,Other,FAQ,25/10/2006,989,990,990,1
Haryana,Gurgaon,Pataudi,Wheat,Other,FAQ,31/10/2006,1014,1020,1016,1
Haryana,Gurgaon,Pataudi,Wheat,Other,FAQ,01/11/2006,1014,1027,1020,1
Haryana,Gurgaon,Pataudi,Wheat,Other,FAQ,06/11/2006,1015,1027,1020,1
Haryana,Gurgaon,Pataudi,Wheat,Other,FAQ,16/11/2006,1058,1058,1058,1
Haryana,Gurgaon,Pataudi,Wheat,Other,FAQ,17/11/2006,1045,1055,1050,1
Haryana,Gurgaon,Pataudi,Wheat,Other,FAQ,22/11/2006,980,1005,1003,1
Haryana,Gurgaon,Pataudi,Wheat,Other,FAQ,08/12/2006,1007,1022,1014,1
Haryana,Gurgaon,Pataudi,Wheat,Other,FAQ,14/12/2006,1004,1008,1006,1
Haryana,Gurgaon,Pataudi,Wheat,Other,FAQ,16/12/2006,987,995,995,1
Haryana,Gurgaon,Pataudi,Wheat,Other,FAQ,29/03/2011,1100,1100,1100,1
Haryana,Gurgaon,Pataudi,Wheat,Other,FAQ,13/04/2011,1120,1120,1120,1
Haryana,Gurgaon,Pataudi,Wheat,Other,FAQ,16/04/2011,1120,1120,1120,1
Haryana,Gurgaon,Pataudi,Wheat,Other,FAQ,19/04/2011,1120,1120,1120,1
Haryana,Gurgaon,Pataudi,Wheat,Other,FAQ,20/04/2011,1120,1120,1120,1
Haryana,Gurgaon,Pataudi,Wheat,Other,FAQ,23/04/2011,1120,1120,1120,1
Haryana,Gurgaon,Pataudi,Wheat,Other,FAQ,26/04/2011,1120,1120,1120,1
Haryana,Gurgaon,Pataudi,Wheat,Other,FAQ,02/09/2011,1003,1003,1003,1
Haryana,Gurgaon,Pataudi,Wheat,Other,FAQ,26/09/2011,1020,1020,1020,1
Haryana,Gurgaon,Pataudi,Wheat,Other,FAQ,01/10/2011,1001,1001,1001,1
Haryana,Gurgaon,Pataudi,Wheat,Other,FAQ,10/10/2011,1000,1006,1003,1
Haryana,Gurgaon,Pataudi,Wheat,Other,FAQ,08/11/2011,980,1024,1002,1
Haryana,Gurgaon,Pataudi,Wheat,Other,FAQ,09/11/2011,1010,1023,1016,1
Haryana,Gurgaon,Pataudi,Wheat,Other,FAQ,10/11/2011,908,1023,964,1
Haryana,Gurgaon,Pataudi,Wheat,Other,FAQ,15/11/2011,1030,1030,1030,1
Haryana,Gurgaon,Pataudi,Wheat,Other,FAQ,16/11/2011,1025,1025,1025,1
Haryana,Gurgaon,Pataudi,Wheat,Other,FAQ,03/12/2011,1088,1094,1091,1
Haryana,Gurgaon,Pataudi,Wheat,Other,FAQ,12/12/2011,1099,1109,1104,1
Haryana,Gurgaon,Pataudi,Wheat,Other,FAQ,04/01/2012,1140,1140,1140,1
Haryana,Gurgaon,Pataudi,Wheat,Other,FAQ,17/01/2012,1142,1142,1142,1
Haryana,Gurgaon,Pataudi,Wheat,Other,FAQ,27/02/2012,1119,1181,1150,1
Haryana,Gurgaon,Pataudi,Wheat,Other,FAQ,02/03/2012,1140,1140,1140,1
Haryana,Gurgaon,Pataudi,Wheat,Other,FAQ,13/03/2012,1150,1181,1165,1
Haryana,Gurgaon,Pataudi,Wheat,Other,FAQ,24/03/2012,1115,1134,1124,1
Haryana,Gurgaon,Pataudi,Wheat,Other,FAQ,29/03/2012,1150,1150,1150,1
Haryana,Gurgaon,Pataudi,Wheat,Other,FAQ,11/04/2012,1285,1285,1285,1
Haryana,Gurgaon,Pataudi,Wheat,Other,FAQ,14/04/2012,1285,1285,1285,1
Haryana,Gurgaon,Pataudi,Wheat,Other,FAQ,22/09/2012,1351,1393,1372,1
Haryana,Gurgaon,Pataudi,Wheat,Other,FAQ,24/09/2012,1327,1337,1332,1
Haryana,Gurgaon,Pataudi,Wheat,Other,FAQ,13/10/2012,1438,1458,1448,1
Haryana,Gurgaon,Pataudi,Wheat,Other,FAQ,23/10/2012,1446,1460,1453,1
Haryana,Gurgaon,Pataudi,Wheat,Other,FAQ,03/11/2012,1418,1436,1427,1
Haryana,Gurgaon,Pataudi,Wheat,Other,FAQ,05/11/2012,1421,1464,1443,1
Haryana,Gurgaon,Pataudi,Wheat,Other,FAQ,09/11/2012,1440,1484,1462,1
Haryana,Gurgaon,Pataudi,Wheat,Other,FAQ,03/12/2012,1490,1490,1490,1
Haryana,Gurgaon,Pataudi,Wheat,Other,FAQ,04/12/2012,1481,1500,1491,1
Haryana,Gurgaon,Pataudi,Wheat,Other,FAQ,20/02/2016,1612,1649,1630,1
Haryana,Gurgaon,Pataudi,Wheat,Other,FAQ,20/04/2016,1525,1525,1525,1
Haryana,Gurgaon,Pataudi,Wheat,Other,FAQ,19/01/2007,1003,1006,1005,1
Haryana,Gurgaon,Pataudi,Wheat,Other,FAQ,01/02/2007,944,956,950,1
Haryana,Gurgaon,Pataudi,Wheat,Other,FAQ,07/02/2007,965,972,970,1
Haryana,Gurgaon,Pataudi,Wheat,Other,FAQ,22/02/2007,976,983,980,1
Haryana,Gurgaon,Pataudi,Wheat,Other,FAQ,24/02/2007,957,975,965,1
Haryana,Gurgaon,Pataudi,Wheat,Other,FAQ,06/03/2007,885,891,890,1
Haryana,Gurgaon,Pataudi,Wheat,Other,FAQ,09/03/2007,869,900,874,1
Haryana,Gurgaon,Pataudi,Wheat,Other,FAQ,14/03/2007,933,969,950,1
Haryana,Gurgaon,Pataudi,Wheat,Other,FAQ,24/03/2007,958,967,967,1
Haryana,Gurgaon,Pataudi,Wheat,Other,FAQ,10/04/2007,850,855,850,1
Haryana,Gurgaon,Pataudi,Wheat,Other,FAQ,12/04/2007,850,856,850,1
Haryana,Gurgaon,Pataudi,Wheat,Other,FAQ,25/04/2007,855,878,862,1
Haryana,Gurgaon,Pataudi,Wheat,Other,FAQ,27/04/2007,851,852,852,1
Haryana,Gurgaon,Pataudi,Wheat,Other,FAQ,09/05/2007,851,878,870,1
Haryana,Gurgaon,Pataudi,Wheat,Other,FAQ,15/05/2007,850,850,850,1
Haryana,Gurgaon,Pataudi,Wheat,Other,FAQ,16/05/2007,850,850,850,1
Haryana,Gurgaon,Pataudi,Wheat,Other,FAQ,17/05/2007,850,850,850,1
Haryana,Gurgaon,Pataudi,Wheat,Other,FAQ,01/06/2007,850,850,850,1
Haryana,Gurgaon,Pataudi,Wheat,Other,FAQ,05/06/2007,850,850,850,1
Haryana,Gurgaon,Pataudi,Wheat,Other,FAQ,06/06/2007,850,850,850,1
Haryana,Gurgaon,Pataudi,Wheat,Other,FAQ,09/06/2007,850,850,850,1
Haryana,Gurgaon,Pataudi,Wheat,Other,FAQ,13/07/2007,951,980,965,1
Haryana,Gurgaon,Pataudi,Wheat,Other,FAQ,25/07/2007,936,936,936,1
Haryana,Gurgaon,Pataudi,Wheat,Other,FAQ,30/07/2007,925,935,930,1
Haryana,Gurgaon,Pataudi,Wheat,Other,FAQ,09/08/2007,936,936,936,1
Haryana,Gurgaon,Pataudi,Wheat,Other,FAQ,13/08/2007,913,928,920,1
Haryana,Gurgaon,Pataudi,Wheat,Other,FAQ,21/08/2007,935,936,935,1
Haryana,Gurgaon,Pataudi,Wheat,Other,FAQ,30/08/2007,910,935,922,1
Haryana,Gurgaon,Pataudi,Wheat,Other,FAQ,04/09/2007,929,933,931,1
Haryana,Gurgaon,Pataudi,Wheat,Other,FAQ,18/09/2007,876,905,905,1
Haryana,Gurgaon,Pataudi,Wheat,Other,FAQ,08/10/2007,875,897,886,1
Haryana,Gurgaon,Pataudi,Wheat,Other,FAQ,19/10/2007,958,962,960,1
Haryana,Gurgaon,Pataudi,Wheat,Other,FAQ,20/10/2007,938,967,950,1
Haryana,Gurgaon,Pataudi,Wheat,Other,FAQ,23/10/2007,962,963,962,1
Haryana,Gurgaon,Pataudi,Wheat,Other,FAQ,26/10/2007,963,967,965,1
Haryana,Gurgaon,Pataudi,Wheat,Other,FAQ,05/11/2007,969,973,971,1
Haryana,Gurgaon,Pataudi,Wheat,Other,FAQ,16/11/2007,940,972,956,1
Haryana,Gurgaon,Pataudi,Wheat,Other,FAQ,21/11/2007,925,925,925,1
Haryana,Gurgaon,Pataudi,Wheat,Other,FAQ,22/11/2007,944,952,948,1
Haryana,Gurgaon,Pataudi,Wheat,Other,FAQ,24/11/2007,945,961,952,1
Haryana,Gurgaon,Pataudi,Wheat,Other,FAQ,01/12/2007,900,955,927,1
Haryana,Gurgaon,Pataudi,Wheat,Other,FAQ,03/12/2007,958,958,958,1
Haryana,Gurgaon,Pataudi,Wheat,Other,FAQ,05/12/2007,956,960,958,1
Haryana,Gurgaon,Pataudi,Wheat,Other,FAQ,08/12/2007,950,957,953,1
Haryana,Gurgaon,Pataudi,Wheat,Local,FAQ,26/12/2008,1060,1065,1062,1
Haryana,Gurgaon,Pataudi,Wheat,Local,FAQ,31/12/2008,1040,1062,1050,1
Haryana,Gurgaon,Pataudi,Wheat,Local,FAQ,10/06/2009,960,973,966.5,1
Haryana,Gurgaon,Pataudi,Wheat,Other,FAQ,06/01/2009,1055,1076,1060,1
Haryana,Gurgaon,Pataudi,Wheat,Other,FAQ,22/01/2009,1078,1098,1088,1
Haryana,Gurgaon,Pataudi,Wheat,Other,FAQ,07/04/2009,1080,1080,1080,1
Haryana,Gurgaon,Pataudi,Wheat,Other,FAQ,10/04/2009,1080,1080,1080,1
Haryana,Gurgaon,Pataudi,Wheat,Other,FAQ,14/04/2009,1080,1080,1080,1
Haryana,Gurgaon,Pataudi,Wheat,Other,FAQ,16/04/2009,1080,1080,1080,1
Haryana,Gurgaon,Pataudi,Wheat,Other,FAQ,22/04/2009,1080,1080,1080,1
Haryana,Gurgaon,Pataudi,Wheat,Other,FAQ,24/04/2009,1080,1080,1080,1
Haryana,Gurgaon,Pataudi,Wheat,Other,FAQ,25/04/2009,1080,1080,1080,1
Haryana,Gurgaon,Pataudi,Wheat,Other,FAQ,29/04/2009,1080,1080,1080,1
Haryana,Gurgaon,Pataudi,Wheat,Other,FAQ,10/08/2009,1032,1046,1039,1
Haryana,Gurgaon,Pataudi,Wheat,Other,FAQ,20/08/2009,1035,1040,1038,1
Haryana,Gurgaon,Pataudi,Wheat,Other,FAQ,21/08/2009,1025,1025,1025,1
Haryana,Gurgaon,Pataudi,Wheat,Other,FAQ,19/09/2009,1067,1067,1067,1
Haryana,Gurgaon,Pataudi,Wheat,Other,FAQ,02/10/2009,1102,1102,1102,1
Haryana,Gurgaon,Pataudi,Wheat,Other,FAQ,26/10/2009,1169,1180,1175,1
Haryana,Gurgaon,Pataudi,Wheat,Other,FAQ,27/10/2009,1162,1173,1168,1
Haryana,Gurgaon,Pataudi,Wheat,Other,FAQ,28/10/2009,1173,1183,1178,1
Haryana,Gurgaon,Pataudi,Wheat,Other,FAQ,30/10/2009,1226,1247,1237,1
Haryana,Gurgaon,Pataudi,Wheat,Other,FAQ,04/11/2009,1311,1312,1312,1
Haryana,Gurgaon,Pataudi,Wheat,Other,FAQ,09/11/2009,1150,1296,1223,1
Haryana,Gurgaon,Pataudi,Wheat,Other,FAQ,11/11/2009,1225,1285,1255,1
Haryana,Gurgaon,Pataudi,Wheat,Other,FAQ,05/12/2009,1300,1309,1305,1
Haryana,Gurgaon,Pataudi,Wheat,Other,FAQ,15/12/2009,1280,1280,1280,1
Haryana,Gurgaon,Pataudi,Wheat,White,FAQ,18/12/2009,1272,1290,1281,1
Haryana,Gurgaon,Pataudi,Wheat,White,FAQ,22/12/2009,1271,1279,1275,1
Haryana,Gurgaon,Pataudi,Wheat,Other,FAQ,19/02/2015,1450,1450,1450,1
Haryana,Gurgaon,Pataudi,Wheat,Other,FAQ,31/08/2015,1380,1380,1380,1
Haryana,Gurgaon,Pataudi,Wheat,Other,FAQ,04/09/2015,1431,1449,1440,1
Haryana,Gurgaon,Pataudi,Wheat,Other,FAQ,15/09/2015,1480,1480,1480,1
Haryana,Gurgaon,Pataudi,Wheat,Other,FAQ,18/09/2015,1380,1380,1380,1
Haryana,Gurgaon,Pataudi,Wheat,Other,FAQ,29/09/2015,1493,1493,1493,1
Haryana,Gurgaon,Pataudi,Wheat,Other,FAQ,12/02/2013,1520,1520,1520,1
Haryana,Gurgaon,Pataudi,Wheat,Other,FAQ,05/03/2013,1448,1511,1480,1
Haryana,Gurgaon,Pataudi,Wheat,Other,FAQ,09/03/2013,1479,1501,1485,1
Haryana,Gurgaon,Pataudi,Wheat,Other,FAQ,12/03/2013,1490,1490,1490,1
Haryana,Gurgaon,Pataudi,Wheat,Other,FAQ,14/03/2013,1460,1471,1466,1
Haryana,Gurgaon,Pataudi,Wheat,Other,FAQ,23/04/2013,1350,1350,1350,1
Haryana,Gurgaon,Pataudi,Wheat,Other,FAQ,08/08/2013,1350,1350,1350,1
Haryana,Gurgaon,Pataudi,Wheat,Other,FAQ,13/08/2013,1350,1350,1350,1
Haryana,Gurgaon,Pataudi,Wheat,Other,FAQ,26/08/2013,1420,1420,1420,1
Haryana,Gurgaon,Pataudi,Wheat,Other,FAQ,30/08/2013,1296,1459,1378,1
Haryana,Gurgaon,Pataudi,Wheat,Other,FAQ,04/09/2013,1350,1462,1406,1
Haryana,Gurgaon,Pataudi,Wheat,Other,FAQ,05/09/2013,1449,1449,1449,1
Haryana,Gurgaon,Pataudi,Wheat,Other,FAQ,16/09/2013,1454,1454,1454,1
Haryana,Gurgaon,Pataudi,Wheat,Other,FAQ,20/09/2013,1438,1438,1438,1
Haryana,Gurgaon,Pataudi,Wheat,Other,FAQ,28/09/2013,1449,1454,1452,1
Haryana,Gurgaon,Pataudi,Wheat,Other,FAQ,15/10/2013,1533,1533,1533,1
Haryana,Gurgaon,Pataudi,Wheat,Other,FAQ,24/10/2013,1500,1535,1518,1
Haryana,Gurgaon,Pataudi,Wheat,Other,FAQ,30/10/2013,1550,1550,1550,1
Haryana,Gurgaon,Pataudi,Wheat,Other,FAQ,05/11/2013,1522,1522,1522,1
Haryana,Gurgaon,Pataudi,Wheat,Other,FAQ,20/11/2013,1578,1585,1582,1
Haryana,Gurgaon,Pataudi,Wheat,Other,FAQ,28/11/2013,1601,1601,1601,1
Haryana,Gurgaon,Pataudi,Wheat,Other,FAQ,17/01/2014,1620,1620,1620,1
Haryana,Gurgaon,Pataudi,Wheat,Other,FAQ,18/01/2014,1591,1591,1591,1
Haryana,Gurgaon,Pataudi,Wheat,Other,FAQ,14/03/2014,1325,1546,1436,1
Haryana,Gurgaon,Pataudi,Wheat,Other,FAQ,15/04/2014,1405,1405,1405,1
Haryana,Gurgaon,Pataudi,Wheat,Other,FAQ,10/10/2014,1429,1433,1431,1
Haryana,Gurgaon,Pataudi,Wheat,Other,FAQ,05/11/2014,1414,1420,1417,1
Haryana,Gurgaon,Pataudi,Wheat,Other,FAQ,14/11/2014,1493,1493,1493,1
Haryana,Gurgaon,Pataudi,Wheat,Other,FAQ,08/12/2014,1566,1566,1566,1
Haryana,Gurgaon,Pataudi,Wheat,Other,FAQ,25/01/2007,970,990,980,1
Haryana,Gurgaon,Pataudi,Wheat,Other,FAQ,03/02/2007,944,981,950,1
Haryana,Gurgaon,Pataudi,Wheat,Other,FAQ,05/02/2007,950,965,958,1
Haryana,Gurgaon,Pataudi,Wheat,Other,FAQ,14/02/2007,971,1020,1000,1
Haryana,Gurgaon,Pataudi,Wheat,Other,FAQ,16/02/2007,1004,1004,1004,1
Haryana,Gurgaon,Pataudi,Wheat,Other,FAQ,23/02/2007,960,977,970,1
Haryana,Gurgaon,Pataudi,Wheat,Other,FAQ,20/03/2007,900,900,900,1
Haryana,Gurgaon,Pataudi,Wheat,Other,FAQ,07/04/2007,860,862,860,1
Haryana,Gurgaon,Pataudi,Wheat,Other,FAQ,09/04/2007,855,865,860,1
Haryana,Gurgaon,Pataudi,Wheat,Other,FAQ,16/04/2007,850,860,855,1
Haryana,Gurgaon,Pataudi,Wheat,Other,FAQ,19/04/2007,850,870,860,1
Haryana,Gurgaon,Pataudi,Wheat,Other,FAQ,18/05/2007,850,850,850,1
Haryana,Gurgaon,Pataudi,Wheat,Other,FAQ,19/05/2007,850,850,850,1
Haryana,Gurgaon,Pataudi,Wheat,Other,FAQ,24/05/2007,850,850,850,1
Haryana,Gurgaon,Pataudi,Wheat,Other,FAQ,06/08/2007,906,914,910,1
Haryana,Gurgaon,Pataudi,Wheat,Other,FAQ,14/08/2007,918,927,922,1
Haryana,Gurgaon,Pataudi,Wheat,Other,FAQ,06/09/2007,922,922,922,1
Haryana,Gurgaon,Pataudi,Wheat,Other,FAQ,07/09/2007,925,925,925,1
Haryana,Gurgaon,Pataudi,Wheat,Other,FAQ,12/09/2007,934,940,937,1
Haryana,Gurgaon,Pataudi,Wheat,Other,FAQ,13/09/2007,933,934,934,1
Haryana,Gurgaon,Pataudi,Wheat,Other,FAQ,19/09/2007,915,915,915,1
Haryana,Gurgaon,Pataudi,Wheat,Other,FAQ,12/10/2007,954,970,962,1
Haryana,Gurgaon,Pataudi,Wheat,Other,FAQ,15/10/2007,944,1000,960,1
Haryana,Gurgaon,Pataudi,Wheat,Other,FAQ,17/10/2007,949,965,956,1
Haryana,Gurgaon,Pataudi,Wheat,Other,FAQ,03/11/2007,950,972,961,1
Haryana,Gurgaon,Pataudi,Wheat,Other,FAQ,07/11/2007,944,972,960,1
Haryana,Gurgaon,Pataudi,Wheat,Other,FAQ,12/11/2007,955,977,966,1
Haryana,Gurgaon,Pataudi,Wheat,Other,FAQ,17/11/2007,964,970,967,1
Haryana,Gurgaon,Pataudi,Wheat,Other,FAQ,11/12/2007,955,967,961,1
Haryana,Gurgaon,Pataudi,Wheat,Other,FAQ,14/12/2007,959,959,959,1
Haryana,Gurgaon,Pataudi,Wheat,Other,FAQ,20/12/2007,960,971,965,1
Haryana,Gurgaon,Pataudi,Wheat,Other,FAQ,22/12/2007,972,974,973,1
Haryana,Gurgaon,Pataudi,Wheat,Local,FAQ,16/12/2008,1020,1020,1020,1
Haryana,Gurgaon,Pataudi,Wheat,Local,FAQ,22/12/2008,1057,1061,1059,1
Haryana,Gurgaon,Pataudi,Wheat,Local,FAQ,27/12/2008,1060,1065,1062,1
Haryana,Gurgaon,Pataudi,Wheat,Local,FAQ,30/12/2008,1057,1064,1060,1
Haryana,Gurgaon,Pataudi,Wheat,Other,FAQ,02/01/2008,972,974,973,1
Haryana,Gurgaon,Pataudi,Wheat,Other,FAQ,23/06/2008,1001,1001,1001,1
Haryana,Gurgaon,Pataudi,Wheat,Local,FAQ,08/06/2009,965,965,965,1
Haryana,Gurgaon,Pataudi,Wheat,Local,FAQ,19/06/2009,970,970,970,1
Haryana,Gurgaon,Pataudi,Wheat,Other,FAQ,17/02/2009,1052,1052,1052,1
Haryana,Gurgaon,Pataudi,Wheat,Other,FAQ,16/03/2009,1060,1060,1060,1
Haryana,Gurgaon,Pataudi,Wheat,Other,FAQ,17/03/2009,1026,1040,1033,1
Haryana,Gurgaon,Pataudi,Wheat,Other,FAQ,09/04/2009,1080,1080,1080,1
Haryana,Gurgaon,Pataudi,Wheat,Other,FAQ,07/12/2009,1317,1317,1317,1
Haryana,Gurgaon,Pataudi,Wheat,Other,FAQ,12/12/2009,1343,1343,1343,1
Haryana,Gurgaon,Pataudi,Wheat,Other,FAQ,04/01/2011,1270,1270,1270,1
Haryana,Gurgaon,Pataudi,Wheat,Other,FAQ,09/03/2011,1191,1191,1191,1
Haryana,Gurgaon,Pataudi,Wheat,Other,FAQ,28/03/2011,1050,1050,1050,1
Haryana,Gurgaon,Pataudi,Wheat,Other,FAQ,07/04/2011,1120,1120,1120,1
Haryana,Gurgaon,Pataudi,Wheat,Other,FAQ,15/04/2011,1120,1120,1120,1
Haryana,Gurgaon,Pataudi,Wheat,Other,FAQ,21/04/2011,1120,1120,1120,1
Haryana,Gurgaon,Pataudi,Wheat,Other,FAQ,28/04/2011,1120,1120,1120,1
Haryana,Gurgaon,Pataudi,Wheat,Other,FAQ,29/04/2011,1120,1120,1120,1
Haryana,Gurgaon,Pataudi,Wheat,Other,FAQ,25/07/2011,982,1021,1002,1
Haryana,Gurgaon,Pataudi,Wheat,Other,FAQ,04/10/2011,975,976,975,1
Haryana,Gurgaon,Pataudi,Wheat,Other,FAQ,23/11/2011,1035,1045,1040,1
Haryana,Gurgaon,Pataudi,Wheat,Other,FAQ,24/11/2011,1058,1066,1062,1
Haryana,Gurgaon,Pataudi,Wheat,Other,FAQ,02/12/2011,1000,1092,1046,1
Haryana,Gurgaon,Pataudi,Wheat,Other,FAQ,10/12/2011,1100,1100,1100,1
Haryana,Gurgaon,Pataudi,Wheat,Other,FAQ,05/03/2014,1554,1554,1554,1
Haryana,Gurgaon,Pataudi,Wheat,Other,FAQ,11/04/2014,1400,1400,1400,1
Haryana,Gurgaon,Pataudi,Wheat,Other,FAQ,16/04/2014,1400,1405,1403,1
Haryana,Gurgaon,Pataudi,Wheat,Other,FAQ,17/04/2014,1400,1400,1400,1
Haryana,Gurgaon,Pataudi,Wheat,Other,FAQ,06/11/2014,1287,1287,1287,1
Haryana,Gurgaon,Pataudi,Wheat,Other,FAQ,10/11/2014,1453,1453,1453,1
Haryana,Gurgaon,Pataudi,Wheat,Other,FAQ,11/11/2014,1440,1455,1448,1
Haryana,Gurgaon,Pataudi,Wheat,Other,FAQ,17/11/2014,1468,1468,1468,1
Haryana,Gurgaon,Pataudi,Wheat,Other,FAQ,19/11/2014,1450,1512,1481,1
Haryana,Gurgaon,Pataudi,Wheat,Other,FAQ,17/12/2010,1208,1208,1208,1
Haryana,Gurgaon,Pataudi,Wheat,Other,FAQ,22/12/2010,1208,1208,1208,1
Haryana,Gurgaon,Pataudi,Wheat,White,FAQ,04/03/2010,1164,1181,1172,1
Haryana,Gurgaon,Pataudi,Wheat,White,FAQ,17/03/2010,1050,1113,1082,1
Haryana,Gurgaon,Pataudi,Wheat,White,FAQ,18/03/2010,1079,1079,1079,1
Haryana,Gurgaon,Pataudi,Wheat,White,FAQ,03/04/2010,1100,1100,1100,1
Haryana,Gurgaon,Pataudi,Wheat,White,FAQ,09/04/2010,1100,1100,1100,1
Haryana,Gurgaon,Pataudi,Wheat,White,FAQ,16/04/2010,1100,1100,1100,1
Haryana,Gurgaon,Pataudi,Wheat,White,FAQ,19/04/2010,1100,1100,1100,1
Haryana,Gurgaon,Pataudi,Wheat,White,FAQ,20/04/2010,1100,1100,1100,1
Haryana,Gurgaon,Pataudi,Wheat,White,FAQ,24/04/2010,1100,1100,1100,1
Haryana,Gurgaon,Pataudi,Wheat,White,FAQ,27/04/2010,1100,1100,1100,1
Haryana,Gurgaon,Pataudi,Wheat,White,FAQ,26/06/2010,1084,1084,1084,1
Haryana,Gurgaon,Pataudi,Wheat,White,FAQ,29/06/2010,1105,1105,1105,1
Haryana,Gurgaon,Pataudi,Wheat,White,FAQ,14/07/2010,1080,1080,1080,1
Haryana,Gurgaon,Pataudi,Wheat,White,FAQ,01/09/2010,1050,1085,1068,1
Haryana,Gurgaon,Pataudi,Wheat,White,FAQ,09/09/2010,1050,1085,1068,1
Haryana,Gurgaon,Pataudi,Wheat,White,FAQ,28/09/2010,1000,1060,1030,1
Haryana,Gurgaon,Pataudi,Wheat,White,FAQ,20/10/2010,1138,1138,1138,1
Haryana,Gurgaon,Pataudi,Wheat,White,FAQ,13/11/2010,1120,1120,1120,1
Haryana,Gurgaon,Pataudi,Wheat,Other,FAQ,01/03/2013,1528,1528,1528,1
Haryana,Gurgaon,Pataudi,Wheat,Other,FAQ,02/03/2013,1565,1565,1565,1
Haryana,Gurgaon,Pataudi,Wheat,Other,FAQ,11/03/2013,1454,1475,1465,1
Haryana,Gurgaon,Pataudi,Wheat,Other,FAQ,16/03/2013,1415,1450,1433,1
Haryana,Gurgaon,Pataudi,Wheat,Other,FAQ,08/04/2013,1350,1350,1350,1
Haryana,Gurgaon,Pataudi,Wheat,Other,FAQ,10/04/2013,1350,1350,1350,1
Haryana,Gurgaon,Pataudi,Wheat,Other,FAQ,02/09/2013,1450,1450,1450,1
Haryana,Gurgaon,Pataudi,Wheat,Other,FAQ,03/09/2013,1449,1449,1449,1
Haryana,Gurgaon,Pataudi,Wheat,Other,FAQ,10/09/2013,1410,1410,1410,1
Haryana,Gurgaon,Pataudi,Wheat,Other,FAQ,11/09/2013,1466,1466,1466,1
Haryana,Gurgaon,Pataudi,Wheat,Other,FAQ,23/09/2013,1459,1459,1459,1
Haryana,Gurgaon,Pataudi,Wheat,Other,FAQ,01/10/2013,1425,1457,1441,1
Haryana,Gurgaon,Pataudi,Wheat,Other,FAQ,31/10/2013,1556,1556,1556,1
Haryana,Gurgaon,Pataudi,Wheat,Other,FAQ,18/11/2013,1465,1585,1525,1
Haryana,Gurgaon,Pataudi,Wheat,Other,FAQ,02/12/2013,1500,1546,1523,1
Haryana,Gurgaon,Pataudi,Wheat,Other,FAQ,11/12/2013,1600,1600,1600,1
Haryana,Gurgaon,Pataudi,Wheat,Other,FAQ,18/12/2013,1571,1571,1571,1
Haryana,Gurgaon,Pataudi,Wheat,Other,FAQ,08/08/2006,830,830,830,1
Haryana,Gurgaon,Pataudi,Wheat,Other,FAQ,10/08/2006,833,833,833,1
Haryana,Gurgaon,Pataudi,Wheat,Other,FAQ,11/08/2006,834,839,836,1
Haryana,Gurgaon,Pataudi,Wheat,Other,FAQ,12/08/2006,835,854,835,1
Haryana,Gurgaon,Pataudi,Wheat,Other,FAQ,30/08/2006,887,890,887,1
Haryana,Gurgaon,Pataudi,Wheat,Other,FAQ,16/09/2006,935,935,935,1
Haryana,Gurgaon,Pataudi,Wheat,Other,FAQ,10/10/2006,890,926,926,1
Haryana,Gurgaon,Pataudi,Wheat,Other,FAQ,13/10/2006,903,934,926,1
Haryana,Gurgaon,Pataudi,Wheat,Other,FAQ,28/10/2006,940,1032,1032,1
Haryana,Gurgaon,Pataudi,Wheat,Other,FAQ,03/11/2006,1016,1026,1020,1
Haryana,Gurgaon,Pataudi,Wheat,Other,FAQ,21/11/2006,1000,1026,1015,1
Haryana,Gurgaon,Pataudi,Wheat,Other,FAQ,28/11/2006,1010,1036,1036,1
Haryana,Gurgaon,Pataudi,Wheat,Other,FAQ,29/11/2006,1011,1042,1020,1
Haryana,Gurgaon,Pataudi,Wheat,Other,FAQ,12/12/2006,1006,1020,1010,1
Haryana,Gurgaon,Pataudi,Wheat,Other,FAQ,11/01/2012,1120,1120,1120,1
Haryana,Gurgaon,Pataudi,Wheat,Other,FAQ,12/01/2012,1160,1160,1160,1
Haryana,Gurgaon,Pataudi,Wheat,Other,FAQ,19/01/2012,1148,1148,1148,1
Haryana,Gurgaon,Pataudi,Wheat,Other,FAQ,30/01/2012,0,1024,1024,1
Haryana,Gurgaon,Pataudi,Wheat,Other,FAQ,31/01/2012,1145,1145,1145,1
Haryana,Gurgaon,Pataudi,Wheat,Other,FAQ,09/03/2012,1130,1130,1130,1
Haryana,Gurgaon,Pataudi,Wheat,Other,FAQ,21/04/2012,1285,1285,1285,1
Haryana,Gurgaon,Pataudi,Wheat,Other,FAQ,17/09/2012,1405,1405,1405,1
Haryana,Gurgaon,Pataudi,Wheat,Other,FAQ,21/09/2012,1419,1428,1424,1
Haryana,Gurgaon,Pataudi,Wheat,Other,FAQ,06/11/2012,1416,1472,1444,1
Haryana,Gurgaon,Pataudi,Wheat,Other,FAQ,19/04/2016,1525,1525,1525,1
Haryana,Gurgaon,Pataudi,Wheat,Other,FAQ,04/07/2016,1610,1610,1610,1
Haryana,Gurgaon,Pataudi,Wheat,Other,FAQ,05/08/2016,1560,1560,1560,1
Haryana,Gurgaon,Pataudi,Wheat,Other,FAQ,13/01/2015,1598,1598,1598,1
Haryana,Gurgaon,Pataudi,Wheat,Other,FAQ,17/02/2015,1523,1523,1523,1
Haryana,Gurgaon,Pataudi,Wheat,Other,FAQ,18/02/2015,1450,1450,1450,1
Haryana,Gurgaon,Pataudi,Wheat,Other,FAQ,27/02/2015,1542,1542,1542,1
Haryana,Gurgaon,Pataudi,Wheat,Other,FAQ,10/03/2015,1500,1567,1559,1
Haryana,Gurgaon,Pataudi,Wheat,Other,FAQ,27/08/2015,1405,1435,1418,1
Haryana,Gurgaon,Pataudi,Wheat,Other,FAQ,14/09/2015,1434,1454,1444,1
Haryana,Gurgaon,Pataudi,Wheat,Other,FAQ,08/10/2015,1597,1597,1597,1
Haryana,Gurgaon,Pataudi,Wheat,Other,FAQ,20/10/2015,1535,1535,1535,1
Haryana,Gurgaon,Pataudi,Wheat,Other,FAQ,23/02/2018,1580,1610,1595,1
Haryana,Gurgaon,Pataudi,Wheat,Other,FAQ,04/04/2018,1735,1735,1735,1
Haryana,Gurgaon,Pataudi,Wheat,Other,FAQ,14/04/2018,1735,1735,1735,1
Haryana,Gurgaon,Pataudi,Wheat,Other,FAQ,17/04/2018,1735,1735,1735,1
Haryana,Gurgaon,Pataudi,Wheat,Other,FAQ,13/12/2010,1165,1180,1172,1
Haryana,Gurgaon,Pataudi,Wheat,White,FAQ,21/01/2010,1329,1329,1329,1
Haryana,Gurgaon,Pataudi,Wheat,White,FAQ,27/01/2010,1100,1100,1100,1
Haryana,Gurgaon,Pataudi,Wheat,White,FAQ,03/02/2010,1280,1280,1280,1
Haryana,Gurgaon,Pataudi,Wheat,White,FAQ,19/03/2010,1083,1084,1084,1
Haryana,Gurgaon,Pataudi,Wheat,White,FAQ,07/04/2010,1100,1100,1100,1
Haryana,Gurgaon,Pataudi,Wheat,White,FAQ,10/04/2010,1100,1100,1100,1
Haryana,Gurgaon,Pataudi,Wheat,White,FAQ,15/04/2010,1100,1750,1425,1
Haryana,Gurgaon,Pataudi,Wheat,White,FAQ,26/04/2010,1100,1100,1100,1
Haryana,Gurgaon,Pataudi,Wheat,White,FAQ,28/04/2010,1100,1100,1100,1
Haryana,Gurgaon,Pataudi,Wheat,White,FAQ,29/04/2010,1100,1100,1100,1
Haryana,Gurgaon,Pataudi,Wheat,White,FAQ,07/09/2010,1060,1090,1075,1
Haryana,Gurgaon,Pataudi,Wheat,White,FAQ,29/09/2010,1134,1134,1134,1
Haryana,Gurgaon,Pataudi,Wheat,White,FAQ,04/10/2010,1104,1110,1107,1
Haryana,Gurgaon,Pataudi,Wheat,White,FAQ,23/10/2010,1105,1139,1122,1
Haryana,Gurgaon,Pataudi,Wheat,White,FAQ,18/11/2010,1140,1140,1140,1
Haryana,Gurgaon,Pataudi,Wheat,Other,FAQ,15/02/2012,1148,1158,1153,1
Haryana,Gurgaon,Pataudi,Wheat,Other,FAQ,03/03/2012,1140,1140,1140,1
Haryana,Gurgaon,Pataudi,Wheat,Other,FAQ,06/03/2012,1141,1141,1141,1
Haryana,Gurgaon,Pataudi,Wheat,Other,FAQ,15/03/2012,1100,1100,1100,1
Haryana,Gurgaon,Pataudi,Wheat,Other,FAQ,16/03/2012,1125,1161,1143,1
Haryana,Gurgaon,Pataudi,Wheat,Other,FAQ,23/03/2012,1130,1130,1130,1
Haryana,Gurgaon,Pataudi,Wheat,Other,FAQ,26/03/2012,1125,1150,1137,1
Haryana,Gurgaon,Pataudi,Wheat,Other,FAQ,16/04/2012,1285,1285,1285,1
Haryana,Gurgaon,Pataudi,Wheat,Other,FAQ,10/09/2012,1276,1422,1359,1
Haryana,Gurgaon,Pataudi,Wheat,Other,FAQ,16/09/2012,1405,1405,1405,1
Haryana,Gurgaon,Pataudi,Wheat,Other,FAQ,02/11/2012,1455,1455,1455,1
Haryana,Gurgaon,Pataudi,Wheat,Other,FAQ,07/11/2012,1444,1460,1452,1
Haryana,Gurgaon,Pataudi,Wheat,Other,FAQ,08/03/2014,1550,1550,1550,1
Haryana,Gurgaon,Pataudi,Wheat,Other,FAQ,18/04/2014,1400,1400,1400,1
Haryana,Gurgaon,Pataudi,Wheat,Other,FAQ,28/04/2014,1400,1400,1400,1
Haryana,Gurgaon,Pataudi,Wheat,Other,FAQ,29/04/2014,1400,1400,1400,1
Haryana,Gurgaon,Pataudi,Wheat,Other,FAQ,02/05/2014,1400,1400,1400,1
Haryana,Gurgaon,Pataudi,Wheat,Other,FAQ,03/05/2014,1400,1400,1400,1
Haryana,Gurgaon,Pataudi,Wheat,Other,FAQ,18/10/2014,1424,1424,1424,1
Haryana,Gurgaon,Pataudi,Wheat,Other,FAQ,20/10/2014,1420,1434,1427,1
Haryana,Gurgaon,Pataudi,Wheat,Other,FAQ,12/11/2014,1458,1465,1462,1
Haryana,Gurgaon,Pataudi,Wheat,Other,FAQ,24/11/2014,1475,1475,1475,1
Haryana,Gurgaon,Pataudi,Wheat,Other,FAQ,25/11/2014,1460,1460,1460,1
Haryana,Gurgaon,Pataudi,Wheat,Other,FAQ,09/12/2014,1453,1453,1453,1
Haryana,Gurgaon,Pataudi,Wheat,Other,FAQ,10/12/2014,1511,1511,1511,1
Haryana,Gurgaon,Pataudi,Wheat,Other,FAQ,07/01/2013,1550,1558,1554,1
Haryana,Gurgaon,Pataudi,Wheat,Other,FAQ,28/01/2013,1501,1557,1529,1
Haryana,Gurgaon,Pataudi,Wheat,Other,FAQ,19/03/2013,1370,1370,1370,1
Haryana,Gurgaon,Pataudi,Wheat,Other,FAQ,20/03/2013,1395,1421,1408,1
Haryana,Gurgaon,Pataudi,Wheat,Other,FAQ,22/03/2013,1150,1410,1280,1
Haryana,Gurgaon,Pataudi,Wheat,Other,FAQ,19/04/2013,1350,1350,1350,1
Haryana,Gurgaon,Pataudi,Wheat,Other,FAQ,24/08/2013,1300,1446,1373,1
Haryana,Gurgaon,Pataudi,Wheat,Other,FAQ,27/08/2013,1283,1454,1366,1
Haryana,Gurgaon,Pataudi,Wheat,Other,FAQ,09/10/2013,1490,1490,1490,1
Haryana,Gurgaon,Pataudi,Wheat,Other,FAQ,26/10/2013,1535,1535,1535,1
Haryana,Gurgaon,Pataudi,Wheat,Other,FAQ,13/11/2013,1511,1550,1531,1
Haryana,Gurgaon,Pataudi,Wheat,Other,FAQ,28/12/2013,1555,1555,1555,1
Haryana,Gurgaon,Pataudi,Wheat,Other,FAQ,22/03/2011,1120,1125,1123,1
Haryana,Gurgaon,Pataudi,Wheat,Other,FAQ,12/04/2011,1120,1120,1120,1
Haryana,Gurgaon,Pataudi,Wheat,Other,FAQ,22/04/2011,1120,1120,1120,1
Haryana,Gurgaon,Pataudi,Wheat,Other,FAQ,27/04/2011,1120,1120,1120,1
Haryana,Gurgaon,Pataudi,Wheat,Other,FAQ,18/05/2011,1700,1700,1700,1
Haryana,Gurgaon,Pataudi,Wheat,Other,FAQ,30/07/2011,1012,1012,1012,1
Haryana,Gurgaon,Pataudi,Wheat,Other,FAQ,10/08/2011,935,935,935,1
Haryana,Gurgaon,Pataudi,Wheat,Other,FAQ,17/08/2011,840,840,840,1
Haryana,Gurgaon,Pataudi,Wheat,Other,FAQ,31/08/2011,1043,1043,1043,1
Haryana,Gurgaon,Pataudi,Wheat,Other,FAQ,12/10/2011,780,780,780,1
Haryana,Gurgaon,Pataudi,Wheat,Other,FAQ,14/11/2011,1023,1023,1023,1
Haryana,Gurgaon,Pataudi,Wheat,Other,FAQ,18/11/2011,1031,1033,1032,1
Haryana,Gurgaon,Pataudi,Wheat,Other,FAQ,19/12/2011,1150,1150,1150,1
Haryana,Gurgaon,Pataudi,Wheat,Other,FAQ,23/01/2007,1001,1005,1005,1
Haryana,Gurgaon,Pataudi,Wheat,Other,FAQ,26/01/2007,976,1001,985,1
Haryana,Gurgaon,Pataudi,Wheat,Other,FAQ,31/01/2007,930,947,939,1
Haryana,Gurgaon,Pataudi,Wheat,Other,FAQ,02/02/2007,930,972,970,1
Haryana,Gurgaon,Pataudi,Wheat,Other,FAQ,06/02/2007,960,974,965,1
Haryana,Gurgaon,Pataudi,Wheat,Other,FAQ,21/02/2007,964,987,970,1
Haryana,Gurgaon,Pataudi,Wheat,Other,FAQ,26/02/2007,920,950,935,1
Haryana,Gurgaon,Pataudi,Wheat,Other,FAQ,28/02/2007,932,944,932,1
Haryana,Gurgaon,Pataudi,Wheat,Other,FAQ,02/03/2007,895,933,910,1
Haryana,Gurgaon,Pataudi,Wheat,Other,FAQ,05/03/2007,871,910,880,1
Haryana,Gurgaon,Pataudi,Wheat,Other,FAQ,07/03/2007,815,901,858,1
Haryana,Gurgaon,Pataudi,Wheat,Other,FAQ,10/03/2007,856,880,865,1
Haryana,Gurgaon,Pataudi,Wheat,Other,FAQ,15/03/2007,933,938,933,1
Haryana,Gurgaon,Pataudi,Wheat,Other,FAQ,16/03/2007,950,950,950,1
Haryana,Gurgaon,Pataudi,Wheat,Other,FAQ,03/04/2007,851,886,886,1
Haryana,Gurgaon,Pataudi,Wheat,Other,FAQ,05/04/2007,851,870,861,1
Haryana,Gurgaon,Pataudi,Wheat,Other,FAQ,13/04/2007,850,855,852,1
Haryana,Gurgaon,Pataudi,Wheat,Other,FAQ,28/04/2007,854,860,855,1
Haryana,Gurgaon,Pataudi,Wheat,Other,FAQ,05/05/2007,851,1320,860,1
Haryana,Gurgaon,Pataudi,Wheat,Other,FAQ,14/05/2007,850,850,850,1
Haryana,Gurgaon,Pataudi,Wheat,Other,FAQ,02/06/2007,850,850,850,1
Haryana,Gurgaon,Pataudi,Wheat,Other,FAQ,07/06/2007,1700,1837,1765,1
Haryana,Gurgaon,Pataudi,Wheat,Other,FAQ,09/07/2007,911,923,911,1
Haryana,Gurgaon,Pataudi,Wheat,Other,FAQ,10/07/2007,911,911,911,1
Haryana,Gurgaon,Pataudi,Wheat,Other,FAQ,20/07/2007,935,942,940,1
Haryana,Gurgaon,Pataudi,Wheat,Other,FAQ,23/07/2007,924,924,924,1
Haryana,Gurgaon,Pataudi,Wheat,Other,FAQ,24/07/2007,930,930,930,1
Haryana,Gurgaon,Pataudi,Wheat,Other,FAQ,17/08/2007,891,926,918,1
Haryana,Gurgaon,Pataudi,Wheat,Other,FAQ,23/08/2007,900,925,912,1
Haryana,Gurgaon,Pataudi,Wheat,Other,FAQ,01/09/2007,926,934,930,1
Haryana,Gurgaon,Pataudi,Wheat,Other,FAQ,03/09/2007,928,934,931,1
Haryana,Gurgaon,Pataudi,Wheat,Other,FAQ,08/09/2007,925,925,925,1
Haryana,Gurgaon,Pataudi,Wheat,Other,FAQ,17/09/2007,905,905,905,1
Haryana,Gurgaon,Pataudi,Wheat,Other,FAQ,20/09/2007,915,915,915,1
Haryana,Gurgaon,Pataudi,Wheat,Other,FAQ,13/10/2007,960,960,960,1
Haryana,Gurgaon,Pataudi,Wheat,Other,FAQ,18/10/2007,945,962,953,1
Haryana,Gurgaon,Pataudi,Wheat,Other,FAQ,27/10/2007,967,967,967,1
Haryana,Gurgaon,Pataudi,Wheat,Other,FAQ,29/10/2007,970,974,972,1
Haryana,Gurgaon,Pataudi,Wheat,Other,FAQ,19/11/2007,940,970,955,1
Haryana,Gurgaon,Pataudi,Wheat,Other,FAQ,23/11/2007,942,953,947,1
Haryana,Gurgaon,Pataudi,Wheat,Other,FAQ,06/12/2007,958,970,964,1
Haryana,Gurgaon,Pataudi,Wheat,Other,FAQ,07/12/2007,957,960,958,1
Haryana,Gurgaon,Pataudi,Wheat,Other,FAQ,18/12/2007,960,980,970,1
Haryana,Gurgaon,Pataudi,Wheat,Other,FAQ,21/12/2007,940,976,953,1
Haryana,Gurgaon,Pataudi,Wheat,Other,FAQ,25/12/2007,962,962,962,1
Haryana,Gurgaon,Pataudi,Wheat,Other,FAQ,04/08/2006,800,800,800,1
Haryana,Gurgaon,Pataudi,Wheat,Other,FAQ,07/08/2006,821,840,822,1
Haryana,Gurgaon,Pataudi,Wheat,Other,FAQ,19/08/2006,936,940,936,1
Haryana,Gurgaon,Pataudi,Wheat,Other,FAQ,28/08/2006,876,884,880,1
Haryana,Gurgaon,Pataudi,Wheat,Other,FAQ,13/09/2006,880,930,900,1
Haryana,Gurgaon,Pataudi,Wheat,Other,FAQ,15/09/2006,900,927,914,1
Haryana,Gurgaon,Pataudi,Wheat,Other,FAQ,12/10/2006,900,908,900,1
Haryana,Gurgaon,Pataudi,Wheat,Other,FAQ,27/10/2006,952,962,958,1
Haryana,Gurgaon,Pataudi,Wheat,Other,FAQ,07/11/2006,1007,1020,1010,1
Haryana,Gurgaon,Pataudi,Wheat,Other,FAQ,23/11/2006,980,1009,1000,1
Haryana,Gurgaon,Pataudi,Wheat,Other,FAQ,24/11/2006,1000,1014,1007,1
Haryana,Gurgaon,Pataudi,Wheat,Other,FAQ,30/11/2006,1017,1028,1020,1
Haryana,Gurgaon,Pataudi,Wheat,Other,FAQ,02/12/2006,1021,1027,1023,1
Haryana,Gurgaon,Pataudi,Wheat,Other,FAQ,19/01/2015,1461,1559,1510,1
Haryana,Gurgaon,Pataudi,Wheat,Other,FAQ,28/01/2015,1535,1576,1556,1
Haryana,Gurgaon,Pataudi,Wheat,Other,FAQ,23/03/2015,1568,1568,1568,1
Haryana,Gurgaon,Pataudi,Wheat,Other,FAQ,24/08/2015,1325,1440,1380,1
Haryana,Gurgaon,Pataudi,Wheat,Other,FAQ,28/08/2015,1380,1435,1405,1
Haryana,Gurgaon,Pataudi,Wheat,Other,FAQ,10/09/2015,1435,1435,1435,1
Haryana,Gurgaon,Pataudi,Wheat,Other,FAQ,09/10/2015,1541,1608,1572,1
Haryana,Gurgaon,Pataudi,Wheat,Other,FAQ,10/10/2015,1541,1541,1541,1
Haryana,Gurgaon,Pataudi,Wheat,Other,FAQ,17/11/2015,1487,1502,1495,1
Haryana,Gurgaon,Pataudi,Wheat,Local,FAQ,01/06/2009,986,1020,1003,1
Haryana,Gurgaon,Pataudi,Wheat,Local,FAQ,10/07/2009,1010,1010,1010,1
Haryana,Gurgaon,Pataudi,Wheat,Local,FAQ,14/07/2009,1005,1005,1005,1
Haryana,Gurgaon,Pataudi,Wheat,Other,FAQ,18/02/2009,1093,1113,1103,1
Haryana,Gurgaon,Pataudi,Wheat,Other,FAQ,06/03/2009,1110,1121,1115,1
Haryana,Gurgaon,Pataudi,Wheat,Other,FAQ,06/04/2009,1080,1080,1080,1
Haryana,Gurgaon,Pataudi,Wheat,Other,FAQ,17/04/2009,1080,1080,1080,1
Haryana,Gurgaon,Pataudi,Wheat,Other,FAQ,20/04/2009,1080,1080,1080,1
Haryana,Gurgaon,Pataudi,Wheat,Other,FAQ,28/04/2009,1080,1080,1080,1
Haryana,Gurgaon,Pataudi,Wheat,Other,FAQ,21/09/2009,1040,1087,1064,1
Haryana,Gurgaon,Pataudi,Wheat,Other,FAQ,21/10/2009,1110,1167,1139,1
Haryana,Gurgaon,Pataudi,Wheat,Other,FAQ,30/11/2009,1296,1296,1296,1
Haryana,Gurgaon,Pataudi,Wheat,Other,FAQ,04/12/2009,1264,1318,1291,1
Haryana,Gurgaon,Pataudi,Wheat,Other,FAQ,17/12/2009,1280,1280,1280,1
Haryana,Gurgaon,Pataudi,Wheat,White,FAQ,19/12/2009,1250,1295,1273,1
Haryana,Gurgaon,Pataudi,Wheat,White,FAQ,24/12/2009,1271,1271,1271,1
Haryana,Gurgaon,Pataudi,Wheat,White,FAQ,29/12/2009,1238,1238,1238,1
Haryana,Gurgaon,Pataudi,Wheat,Other,FAQ,12/04/2008,1000,1000,1000,1
Haryana,Gurgaon,Pataudi,Wheat,Other,FAQ,17/05/2008,1000,1000,1000,1
Haryana,Gurgaon,Pataudi,Wheat,Other,FAQ,15/02/2018,1551,1576,1560,1
Haryana,Gurgaon,Pataudi,Wheat,Other,FAQ,19/02/2018,1606,1606,1606,1
Haryana,Gurgaon,Pataudi,Wheat,Other,FAQ,22/02/2018,1570,1570,1570,1
Haryana,Gurgaon,Pataudi,Wheat,Other,FAQ,05/04/2018,1735,1735,1735,1
Haryana,Gurgaon,Pataudi,Wheat,Other,FAQ,09/04/2018,1735,1735,1735,1
Haryana,Gurgaon,Pataudi,Wheat,Other,FAQ,10/04/2018,1735,1735,1735,1
Haryana,Gurgaon,Pataudi,Wheat,Other,FAQ,17/01/2007,960,1006,1000,1
Haryana,Gurgaon,Pataudi,Wheat,Other,FAQ,18/01/2007,1002,1002,1002,1
Haryana,Gurgaon,Pataudi,Wheat,Other,FAQ,20/01/2007,960,1008,1008,1
Haryana,Gurgaon,Pataudi,Wheat,Other,FAQ,22/01/2007,1001,1045,1023,1
Haryana,Gurgaon,Pataudi,Wheat,Other,FAQ,24/01/2007,1003,1015,1010,1
Haryana,Gurgaon,Pataudi,Wheat,Other,FAQ,30/01/2007,930,930,930,1
Haryana,Gurgaon,Pataudi,Wheat,Other,FAQ,08/02/2007,960,965,964,1
Haryana,Gurgaon,Pataudi,Wheat,Other,FAQ,17/02/2007,1005,1020,1010,1
Haryana,Gurgaon,Pataudi,Wheat,Other,FAQ,19/02/2007,970,1000,985,1
Haryana,Gurgaon,Pataudi,Wheat,Other,FAQ,17/03/2007,961,961,961,1
Haryana,Gurgaon,Pataudi,Wheat,Other,FAQ,21/03/2007,925,925,925,1
Haryana,Gurgaon,Pataudi,Wheat,Other,FAQ,23/03/2007,942,956,950,1
Haryana,Gurgaon,Pataudi,Wheat,Other,FAQ,27/03/2007,979,979,979,1
Haryana,Gurgaon,Pataudi,Wheat,Other,FAQ,30/03/2007,800,885,840,1
Haryana,Gurgaon,Pataudi,Wheat,Other,FAQ,02/04/2007,862,874,865,1
Haryana,Gurgaon,Pataudi,Wheat,Other,FAQ,17/04/2007,850,860,855,1
Haryana,Gurgaon,Pataudi,Wheat,Other,FAQ,18/04/2007,850,865,860,1
Haryana,Gurgaon,Pataudi,Wheat,Other,FAQ,21/04/2007,851,871,860,1
Haryana,Gurgaon,Pataudi,Wheat,Other,FAQ,23/04/2007,851,877,864,1
Haryana,Gurgaon,Pataudi,Wheat,Other,FAQ,24/04/2007,851,867,860,1
Haryana,Gurgaon,Pataudi,Wheat,Other,FAQ,26/04/2007,852,878,860,1
Haryana,Gurgaon,Pataudi,Wheat,Other,FAQ,02/05/2007,851,857,855,1
Haryana,Gurgaon,Pataudi,Wheat,Other,FAQ,10/05/2007,851,851,851,1
Haryana,Gurgaon,Pataudi,Wheat,Other,FAQ,11/05/2007,851,851,851,1
Haryana,Gurgaon,Pataudi,Wheat,Other,FAQ,04/06/2007,850,850,850,1
Haryana,Gurgaon,Pataudi,Wheat,Other,FAQ,08/06/2007,850,851,850,1
Haryana,Gurgaon,Pataudi,Wheat,Other,FAQ,11/06/2007,850,850,850,1
Haryana,Gurgaon,Pataudi,Wheat,Other,FAQ,14/06/2007,850,850,850,1
Haryana,Gurgaon,Pataudi,Wheat,Other,FAQ,15/06/2007,850,850,850,1
Haryana,Gurgaon,Pataudi,Wheat,Other,FAQ,07/08/2007,920,932,926,1
Haryana,Gurgaon,Pataudi,Wheat,Other,FAQ,08/08/2007,924,936,930,1
Haryana,Gurgaon,Pataudi,Wheat,Other,FAQ,18/08/2007,929,934,930,1
Haryana,Gurgaon,Pataudi,Wheat,Other,FAQ,20/08/2007,916,934,924,1
Haryana,Gurgaon,Pataudi,Wheat,Other,FAQ,22/08/2007,928,935,931,1
Haryana,Gurgaon,Pataudi,Wheat,Other,FAQ,05/09/2007,927,935,931,1
Haryana,Gurgaon,Pataudi,Wheat,Other,FAQ,10/09/2007,920,939,930,1
Haryana,Gurgaon,Pataudi,Wheat,Other,FAQ,11/09/2007,935,937,936,1
Haryana,Gurgaon,Pataudi,Wheat,Other,FAQ,21/09/2007,900,900,900,1
Haryana,Gurgaon,Pataudi,Wheat,Other,FAQ,01/10/2007,905,916,910,1
Haryana,Gurgaon,Pataudi,Wheat,Other,FAQ,09/10/2007,890,921,905,1
Haryana,Gurgaon,Pataudi,Wheat,Other,FAQ,10/10/2007,900,936,918,1
Haryana,Gurgaon,Pataudi,Wheat,Other,FAQ,11/10/2007,961,982,971,1
Haryana,Gurgaon,Pataudi,Wheat,Other,FAQ,16/10/2007,894,959,927,1
Haryana,Gurgaon,Pataudi,Wheat,Other,FAQ,26/11/2007,955,960,957,1
Haryana,Gurgaon,Pataudi,Wheat,Other,FAQ,28/11/2007,956,958,957,1
Haryana,Gurgaon,Pataudi,Wheat,Other,FAQ,29/11/2007,875,960,960,1
Haryana,Gurgaon,Pataudi,Wheat,Other,FAQ,04/12/2007,929,961,947,1
Haryana,Gurgaon,Pataudi,Wheat,Other,FAQ,17/12/2007,974,976,975,1
Haryana,Gurgaon,Pataudi,Wheat,Other,FAQ,19/12/2007,912,977,945,1
Haryana,Gurgaon,Pataudi,Wheat,Local,FAQ,11/12/2008,1042,1042,1042,1
Haryana,Gurgaon,Pataudi,Wheat,Other,FAQ,26/03/2008,982,1001,990,1
Haryana,Gurgaon,Pataudi,Wheat,Other,FAQ,27/03/2008,900,1010,955,1
Haryana,Gurgaon,Pataudi,Wheat,Other,FAQ,28/03/2008,994,1000,997,1
Haryana,Gurgaon,Pataudi,Wheat,Other,FAQ,16/04/2008,1000,1000,1000,1
Haryana,Gurgaon,Pataudi,Wheat,Other,FAQ,17/04/2008,1000,1000,1000,1
Haryana,Gurgaon,Pataudi,Wheat,Other,FAQ,31/12/2008,1040,1062,1051,1
Haryana,Gurgaon,Pataudi,Wheat,Other,FAQ,27/11/2010,1155,1169,1162,1
Haryana,Gurgaon,Pataudi,Wheat,Other,FAQ,14/12/2010,1166,1166,1166,1
Haryana,Gurgaon,Pataudi,Wheat,Other,FAQ,29/12/2010,1259,1259,1259,1
Haryana,Gurgaon,Pataudi,Wheat,White,FAQ,05/01/2010,1296,1296,1296,1
Haryana,Gurgaon,Pataudi,Wheat,White,FAQ,04/02/2010,1247,1300,1274,1
Haryana,Gurgaon,Pataudi,Wheat,White,FAQ,08/03/2010,1121,1121,1121,1
Haryana,Gurgaon,Pataudi,Wheat,White,FAQ,10/03/2010,1125,1136,1131,1
Haryana,Gurgaon,Pataudi,Wheat,White,FAQ,13/03/2010,1116,1116,1116,1
Haryana,Gurgaon,Pataudi,Wheat,White,FAQ,05/04/2010,1100,1100,1100,1
Haryana,Gurgaon,Pataudi,Wheat,White,FAQ,06/04/2010,1100,1100,1100,1
Haryana,Gurgaon,Pataudi,Wheat,White,FAQ,13/04/2010,1100,1100,1100,1
Haryana,Gurgaon,Pataudi,Wheat,White,FAQ,21/04/2010,1100,1100,1100,1
Haryana,Gurgaon,Pataudi,Wheat,White,FAQ,15/11/2010,1100,1122,1111,1
Haryana,Gurgaon,Pataudi,Wheat,White,FAQ,17/11/2010,1148,1150,1149,1
Haryana,Gurgaon,Pataudi,Wheat,Other,FAQ,09/01/2013,1507,1509,1508,1
Haryana,Gurgaon,Pataudi,Wheat,Other,FAQ,12/01/2013,1551,1551,1551,1
Haryana,Gurgaon,Pataudi,Wheat,Other,FAQ,04/03/2013,1500,1546,1523,1
Haryana,Gurgaon,Pataudi,Wheat,Other,FAQ,09/04/2013,1350,1350,1350,1
Haryana,Gurgaon,Pataudi,Wheat,Other,FAQ,12/04/2013,1350,1350,1350,1
Haryana,Gurgaon,Pataudi,Wheat,Other,FAQ,17/04/2013,1350,1350,1350,1
Haryana,Gurgaon,Pataudi,Wheat,Other,FAQ,18/04/2013,1350,1350,1350,1
Haryana,Gurgaon,Pataudi,Wheat,Other,FAQ,26/04/2013,1850,1850,1850,1
Haryana,Gurgaon,Pataudi,Wheat,Other,FAQ,23/08/2013,1300,1465,1383,1
Haryana,Gurgaon,Pataudi,Wheat,Other,FAQ,17/12/2013,1571,1588,1580,1
Haryana,Gurgaon,Pataudi,Wheat,Other,FAQ,06/05/2014,1400,1400,1400,1
Haryana,Gurgaon,Pataudi,Wheat,Other,FAQ,05/12/2014,1500,1504,1502,1
Haryana,Gurgaon,Pataudi,Wheat,Other,FAQ,31/01/2015,1500,1559,1530,1
Haryana,Gurgaon,Pataudi,Wheat,Other,FAQ,18/08/2015,1360,1360,1360,1
Haryana,Gurgaon,Pataudi,Wheat,Other,FAQ,26/08/2015,1430,1430,1430,1
Haryana,Gurgaon,Pataudi,Wheat,Other,FAQ,05/09/2015,1425,1435,1430,1
Haryana,Gurgaon,Pataudi,Wheat,Other,FAQ,21/11/2015,1494,1511,1502,1
Haryana,Gurgaon,Pataudi,Wheat,Other,FAQ,15/12/2015,1500,1500,1500,1
Haryana,Gurgaon,Pataudi,Wheat,Other,FAQ,03/08/2006,827,833,830,1
Haryana,Gurgaon,Pataudi,Wheat,Other,FAQ,05/08/2006,826,835,830,1
Haryana,Gurgaon,Pataudi,Wheat,Other,FAQ,15/08/2006,888,898,896,1
Haryana,Gurgaon,Pataudi,Wheat,Other,FAQ,16/08/2006,876,905,876,1
Haryana,Gurgaon,Pataudi,Wheat,Other,FAQ,01/09/2006,900,900,900,1
Haryana,Gurgaon,Pataudi,Wheat,Other,FAQ,22/09/2006,935,935,935,1
Haryana,Gurgaon,Pataudi,Wheat,Other,FAQ,11/10/2006,876,893,890,1
Haryana,Gurgaon,Pataudi,Wheat,Other,FAQ,18/10/2006,941,944,942,1
Haryana,Gurgaon,Pataudi,Wheat,Other,FAQ,04/11/2006,1018,1035,1025,1
Haryana,Gurgaon,Pataudi,Wheat,Other,FAQ,08/11/2006,1008,1021,1010,1
Haryana,Gurgaon,Pataudi,Wheat,Other,FAQ,10/11/2006,1004,1040,1017,1
Haryana,Gurgaon,Pataudi,Wheat,Other,FAQ,01/12/2006,1007,1013,1010,1
Haryana,Gurgaon,Pataudi,Wheat,Other,FAQ,04/12/2006,1018,1029,1022,1
Haryana,Gurgaon,Pataudi,Wheat,Other,FAQ,10/01/2012,1106,1120,1113,1
Haryana,Gurgaon,Pataudi,Wheat,Other,FAQ,13/02/2012,1140,1145,1142,1
Haryana,Gurgaon,Pataudi,Wheat,Other,FAQ,23/02/2012,1143,1143,1143,1
Haryana,Gurgaon,Pataudi,Wheat,Other,FAQ,10/03/2012,1125,1137,1131,1
Haryana,Gurgaon,Pataudi,Wheat,Other,FAQ,12/03/2012,1190,1190,1190,1
Haryana,Gurgaon,Pataudi,Wheat,Other,FAQ,10/04/2012,1285,1285,1285,1
Haryana,Gurgaon,Pataudi,Wheat,Other,FAQ,13/04/2012,1285,1285,1285,1
Haryana,Gurgaon,Pataudi,Wheat,Other,FAQ,19/04/2012,1285,1285,1285,1
Haryana,Gurgaon,Pataudi,Wheat,Other,FAQ,08/08/2012,1150,1295,1222,1
Haryana,Gurgaon,Pataudi,Wheat,Other,FAQ,07/09/2012,1421,1421,1421,1
Haryana,Gurgaon,Pataudi,Wheat,Other,FAQ,25/09/2012,1346,1346,1346,1
Haryana,Gurgaon,Pataudi,Wheat,Other,FAQ,15/10/2012,1438,1438,1438,1
Haryana,Gurgaon,Pataudi,Wheat,Other,FAQ,17/10/2012,1468,1468,1468,1
Haryana,Gurgaon,Pataudi,Wheat,Other,FAQ,10/11/2012,1470,1474,1472,1
Haryana,Gurgaon,Pataudi,Wheat,Other,FAQ,10/12/2012,1400,1509,1455,1
Haryana,Gurgaon,Pataudi,Wheat,Local,FAQ,03/06/2009,964,964,964,1
Haryana,Gurgaon,Pataudi,Wheat,Local,FAQ,22/06/2009,907,907,907,1
Haryana,Gurgaon,Pataudi,Wheat,Other,FAQ,12/03/2009,1065,1082,1074,1
Haryana,Gurgaon,Pataudi,Wheat,Other,FAQ,14/03/2009,1000,1000,1000,1
Haryana,Gurgaon,Pataudi,Wheat,Other,FAQ,18/03/2009,1028,1028,1028,1
Haryana,Gurgaon,Pataudi,Wheat,Other,FAQ,08/04/2009,1080,1080,1080,1
Haryana,Gurgaon,Pataudi,Wheat,Other,FAQ,11/04/2009,1080,1080,1080,1
Haryana,Gurgaon,Pataudi,Wheat,Other,FAQ,13/04/2009,1080,1080,1080,1
Haryana,Gurgaon,Pataudi,Wheat,Other,FAQ,30/09/2009,1108,1108,1108,1
Haryana,Gurgaon,Pataudi,Wheat,Other,FAQ,15/10/2009,1159,1159,1159,1
Haryana,Gurgaon,Pataudi,Wheat,Other,FAQ,23/10/2009,1160,1164,1162,1
Haryana,Gurgaon,Pataudi,Wheat,Other,FAQ,24/10/2009,1140,1140,1140,1
Haryana,Gurgaon,Pataudi,Wheat,Other,FAQ,29/10/2009,1223,1228,1226,1
Haryana,Gurgaon,Pataudi,Wheat,Other,FAQ,18/11/2009,1251,1251,1251,1
Haryana,Gurgaon,Pataudi,Wheat,Other,FAQ,21/11/2009,1316,1316,1316,1
Haryana,Gurgaon,Pataudi,Wheat,Other,FAQ,01/12/2009,1271,1271,1271,1
Haryana,Gurgaon,Pataudi,Wheat,Other,FAQ,10/12/2009,1261,1310,1286,1
Haryana,Gurgaon,Pataudi,Wheat,Other,FAQ,11/12/2009,1280,1280,1280,1
Haryana,Gurgaon,Pataudi,Wheat,Other,FAQ,14/12/2009,1280,1300,1290,1
Haryana,Gurgaon,Pataudi,Wheat,White,FAQ,30/12/2009,1200,1261,1231,1
Haryana,Gurgaon,Pataudi,Wheat,Other,FAQ,05/01/2011,1300,1300,1300,1
Haryana,Gurgaon,Pataudi,Wheat,Other,FAQ,14/01/2011,1300,1300,1300,1
Haryana,Gurgaon,Pataudi,Wheat,Other,FAQ,17/01/2011,1217,1325,1271,1
Haryana,Gurgaon,Pataudi,Wheat,Other,FAQ,18/01/2011,1280,1280,1280,1
Haryana,Gurgaon,Pataudi,Wheat,Other,FAQ,15/03/2011,1136,1150,1143,1
Haryana,Gurgaon,Pataudi,Wheat,Other,FAQ,23/03/2011,1090,1093,1091,1
Haryana,Gurgaon,Pataudi,Wheat,Other,FAQ,18/04/2011,1120,1120,1120,1
Haryana,Gurgaon,Pataudi,Wheat,Other,FAQ,26/07/2011,873,1000,936,1
Haryana,Gurgaon,Pataudi,Wheat,Other,FAQ,02/08/2011,1018,1018,1018,1
Haryana,Gurgaon,Pataudi,Wheat,Other,FAQ,27/08/2011,1027,1027,1027,1
Haryana,Gurgaon,Pataudi,Wheat,Other,FAQ,19/09/2011,970,1021,995,1
Haryana,Gurgaon,Pataudi,Wheat,Other,FAQ,22/09/2011,1024,1024,1024,1
Haryana,Gurgaon,Pataudi,Wheat,Other,FAQ,03/10/2011,1005,1020,1012,1
Haryana,Gurgaon,Pataudi,Wheat,Other,FAQ,05/10/2011,1000,1036,1018,1
Haryana,Gurgaon,Pataudi,Wheat,Other,FAQ,11/10/2011,1005,1044,1025,1
Haryana,Gurgaon,Pataudi,Wheat,Other,FAQ,15/10/2011,1018,1021,1020,1
Haryana,Gurgaon,Pataudi,Wheat,Other,FAQ,17/11/2011,988,1025,1006,1
Haryana,Gurgaon,Pataudi,Wheat,Other,FAQ,25/11/2011,1015,1034,1024,1
Haryana,Gurgaon,Pataudi,Wheat,Other,FAQ,08/12/2011,1070,1070,1070,1
Haryana,Gurgaon,Pataudi,Wheat,Other,FAQ,16/02/2018,1550,1601,1575,1
Haryana,Gurgaon,Pataudi,Wheat,Other,FAQ,17/02/2018,1595,1595,1595,1
Haryana,Gurgaon,Pataudi,Wheat,Other,FAQ,24/02/2018,1615,1615,1615,1
Haryana,Gurgaon,Pataudi,Wheat,Other,FAQ,26/02/2018,1625,1625,1625,1
Haryana,Gurgaon,Pataudi,Wheat,Other,FAQ,27/02/2018,1597,1600,1598,1
Haryana,Gurgaon,Pataudi,Wheat,Other,FAQ,02/04/2018,1735,1735,1735,1
Haryana,Gurgaon,Sohna,Wheat,Other,FAQ,10/06/2005,700,700,700,1
Haryana,Gurgaon,Sohna,Wheat,Other,FAQ,09/04/2008,1000,1000,1000,1
Haryana,Gurgaon,Sohna,Wheat,Other,FAQ,15/04/2008,1000,1000,1000,1
Haryana,Gurgaon,Sohna,Wheat,Other,FAQ,22/04/2008,1000,1000,1000,1
Haryana,Gurgaon,Sohna,Wheat,Other,FAQ,23/04/2008,1000,1000,1000,1
Haryana,Gurgaon,Sohna,Wheat,Other,FAQ,29/04/2008,1000,1000,1000,1
Haryana,Gurgaon,Sohna,Wheat,Other,FAQ,30/04/2008,1000,1000,1000,1
Haryana,Gurgaon,Sohna,Wheat,Other,FAQ,10/06/2008,1010,1010,1010,1
Haryana,Gurgaon,Sohna,Wheat,Other,FAQ,02/04/2010,1100,1100,1100,1
Haryana,Gurgaon,Sohna,Wheat,Other,FAQ,05/04/2010,1100,1100,1100,1
Haryana,Gurgaon,Sohna,Wheat,Other,FAQ,08/04/2010,1100,1100,1100,1
Haryana,Gurgaon,Sohna,Wheat,Other,FAQ,20/04/2010,1100,1100,1100,1
Haryana,Gurgaon,Sohna,Wheat,Other,FAQ,30/04/2010,1105,1105,1105,1
Haryana,Gurgaon,Sohna,Wheat,Other,FAQ,28/05/2010,1139,1141,1140,1
Haryana,Gurgaon,Sohna,Wheat,Other,FAQ,04/02/2011,1254,1288,1270,1
Haryana,Gurgaon,Sohna,Wheat,Other,FAQ,05/02/2011,1250,1270,1260,1
Haryana,Gurgaon,Sohna,Wheat,Other,FAQ,07/02/2011,1270,1270,1270,1
Haryana,Gurgaon,Sohna,Wheat,Other,FAQ,18/06/2011,1070,1070,1070,1
Haryana,Gurgaon,Sohna,Wheat,Other,FAQ,25/06/2011,1050,1050,1050,1
Haryana,Gurgaon,Sohna,Wheat,Other,FAQ,20/07/2011,1065,1065,1065,1
Haryana,Gurgaon,Sohna,Wheat,Other,FAQ,17/08/2011,1055,1055,1055,1
Haryana,Gurgaon,Sohna,Wheat,Other,FAQ,18/08/2011,1054,1058,1056,1
Haryana,Gurgaon,Sohna,Wheat,Other,FAQ,23/08/2011,1050,1050,1050,1
Haryana,Gurgaon,Sohna,Wheat,Other,FAQ,17/09/2011,1020,1020,1020,1
Haryana,Gurgaon,Sohna,Wheat,Other,FAQ,04/10/2011,1030,1030,1030,1
Haryana,Gurgaon,Sohna,Wheat,Other,FAQ,13/10/2011,1015,1015,1015,1
Haryana,Gurgaon,Sohna,Wheat,Other,FAQ,17/10/2011,1010,1010,1010,1
Haryana,Gurgaon,Sohna,Wheat,Other,FAQ,28/10/2011,1010,1010,1010,1
Haryana,Gurgaon,Sohna,Wheat,Other,FAQ,09/11/2011,1035,1035,1035,1
Haryana,Gurgaon,Sohna,Wheat,Other,FAQ,26/11/2011,1125,1125,1125,1
Haryana,Gurgaon,Sohna,Wheat,Other,FAQ,08/12/2011,1050,1050,1050,1
Haryana,Gurgaon,Sohna,Wheat,Other,FAQ,17/09/2009,1090,1090,1090,1
Haryana,Gurgaon,Sohna,Wheat,Other,FAQ,09/08/2006,825,825,825,1
Haryana,Gurgaon,Sohna,Wheat,Other,FAQ,22/08/2006,920,920,920,1
Haryana,Gurgaon,Sohna,Wheat,Other,FAQ,04/05/2015,1450,1450,1450,1
Haryana,Gurgaon,Sohna,Wheat,Other,FAQ,18/05/2015,1200,1390,1300,1
Haryana,Gurgaon,Sohna,Wheat,Other,FAQ,15/04/2017,1625,1625,1625,1
Haryana,Gurgaon,Sohna,Wheat,Other,FAQ,17/04/2017,1625,1625,1625,1
Haryana,Gurgaon,Sohna,Wheat,Other,FAQ,07/01/2023,2500,2500,2500,1
Haryana,Gurgaon,Sohna,Wheat,Other,FAQ,05/04/2023,2130,2130,2130,1
Haryana,Gurgaon,Sohna,Wheat,Other,FAQ,15/04/2023,2125,2125,2125,1
Haryana,Gurgaon,Sohna,Wheat,Other,FAQ,04/05/2023,2125,2125,2125,1
Haryana,Gurgaon,Sohna,Wheat,Other,FAQ,08/05/2023,2125,2125,2125,1
Haryana,Gurgaon,Sohna,Wheat,Other,FAQ,12/01/2010,1210,1290,1250,1
Haryana,Gurgaon,Sohna,Wheat,Other,FAQ,29/03/2010,1070,1070,1070,1
Haryana,Gurgaon,Sohna,Wheat,Other,FAQ,09/04/2010,1100,1100,1100,1
Haryana,Gurgaon,Sohna,Wheat,Other,FAQ,04/05/2010,1080,1100,1090,1
Haryana,Gurgaon,Sohna,Wheat,Other,FAQ,22/05/2010,1176,1176,1176,1
Haryana,Gurgaon,Sohna,Wheat,Other,FAQ,20/07/2006,794,794,794,1
Haryana,Gurgaon,Sohna,Wheat,Other,FAQ,10/02/2011,1250,1250,1250,1
Haryana,Gurgaon,Sohna,Wheat,Other,FAQ,14/02/2011,1260,1260,1260,1
Haryana,Gurgaon,Sohna,Wheat,Other,FAQ,17/02/2011,1250,1250,1250,1
Haryana,Gurgaon,Sohna,Wheat,Other,FAQ,09/06/2011,1075,1075,1075,1
Haryana,Gurgaon,Sohna,Wheat,Other,FAQ,16/06/2011,1068,1068,1068,1
Haryana,Gurgaon,Sohna,Wheat,Other,FAQ,23/06/2011,1020,1020,1020,1
Haryana,Gurgaon,Sohna,Wheat,Other,FAQ,29/06/2011,1050,1050,1050,1
Haryana,Gurgaon,Sohna,Wheat,Other,FAQ,08/07/2011,1063,1063,1063,1
Haryana,Gurgaon,Sohna,Wheat,Other,FAQ,13/07/2011,1042,1042,1042,1
Haryana,Gurgaon,Sohna,Wheat,Other,FAQ,30/07/2011,1050,1050,1050,1
Haryana,Gurgaon,Sohna,Wheat,Other,FAQ,03/09/2011,1025,1025,1025,1
Haryana,Gurgaon,Sohna,Wheat,Other,FAQ,19/09/2011,990,990,990,1
Haryana,Gurgaon,Sohna,Wheat,Other,FAQ,24/09/2011,1030,1030,1030,1
Haryana,Gurgaon,Sohna,Wheat,Other,FAQ,29/10/2011,1020,1029,1025,1
Haryana,Gurgaon,Sohna,Wheat,Other,FAQ,14/11/2011,1025,1025,1025,1
Haryana,Gurgaon,Sohna,Wheat,Other,FAQ,18/11/2011,1069,1069,1069,1
Haryana,Gurgaon,Sohna,Wheat,Other,FAQ,07/12/2011,1080,1080,1080,1
Haryana,Gurgaon,Sohna,Wheat,Other,FAQ,08/04/2017,1625,1625,1625,1
Haryana,Gurgaon,Sohna,Wheat,Other,FAQ,12/04/2017,1625,1625,1625,1
Haryana,Gurgaon,Sohna,Wheat,Other,FAQ,24/04/2017,1625,1625,1625,1
Haryana,Gurgaon,Sohna,Wheat,Other,FAQ,08/04/2008,1000,1000,1000,1
Haryana,Gurgaon,Sohna,Wheat,Other,FAQ,11/04/2008,1000,1000,1000,1
Haryana,Gurgaon,Sohna,Wheat,Other,FAQ,16/04/2008,1000,1000,1000,1
Haryana,Gurgaon,Sohna,Wheat,Other,FAQ,21/04/2008,1000,1000,1000,1
Haryana,Gurgaon,Sohna,Wheat,Other,FAQ,05/05/2008,1000,1000,1000,1
Haryana,Gurgaon,Sohna,Wheat,Other,FAQ,12/05/2008,1000,1001,1000,1
Haryana,Gurgaon,Sohna,Wheat,Other,FAQ,24/04/2015,1451,1451,1451,1
Haryana,Gurgaon,Sohna,Wheat,Other,FAQ,09/04/2022,2015,2020,2015,1
Haryana,Gurgaon,Sohna,Wheat,Other,FAQ,03/04/2023,2126,2126,2126,1
Haryana,Gurgaon,Sohna,Wheat,Other,FAQ,16/04/2023,2125,2125,2125,1
Haryana,Gurgaon,Sohna,Wheat,Other,FAQ,02/05/2023,2125,2125,2125,1
Haryana,Gurgaon,Sohna,Wheat,Other,FAQ,15/05/2023,2125,2130,2125,1
Haryana,Gurgaon,Sohna,Wheat,Other,FAQ,09/04/2024,2275,2275,2275,1
Haryana,Gurgaon,Sohna,Wheat,Other,FAQ,13/04/2024,2275,2275,2275,1
Haryana,Gurgaon,Sohna,Wheat,Other,FAQ,07/04/2008,1000,1000,1000,1
Haryana,Gurgaon,Sohna,Wheat,Other,FAQ,10/04/2008,1000,1000,1000,1
Haryana,Gurgaon,Sohna,Wheat,Other,FAQ,12/04/2008,1000,1000,1000,1
Haryana,Gurgaon,Sohna,Wheat,Other,FAQ,19/04/2008,1000,1000,1000,1
Haryana,Gurgaon,Sohna,Wheat,Other,FAQ,24/04/2008,1000,1000,1000,1
Haryana,Gurgaon,Sohna,Wheat,Other,FAQ,25/04/2008,1000,1000,1000,1
Haryana,Gurgaon,Sohna,Wheat,Other,FAQ,10/05/2008,1000,1001,1000,1
Haryana,Gurgaon,Sohna,Wheat,Other,FAQ,01/09/2009,1068,1068,1068,1
Haryana,Gurgaon,Sohna,Wheat,Other,FAQ,25/01/2011,1150,1266,1200,1
Haryana,Gurgaon,Sohna,Wheat,Other,FAQ,27/01/2011,1200,1200,1200,1
Haryana,Gurgaon,Sohna,Wheat,Other,FAQ,08/02/2011,1267,1267,1267,1
Haryana,Gurgaon,Sohna,Wheat,Other,FAQ,18/02/2011,1200,1250,1225,1
Haryana,Gurgaon,Sohna,Wheat,Other,FAQ,25/02/2011,1240,1240,1240,1
Haryana,Gurgaon,Sohna,Wheat,Other,FAQ,17/06/2011,1060,1060,1060,1
Haryana,Gurgaon,Sohna,Wheat,Other,FAQ,20/06/2011,1055,1055,1055,1
Haryana,Gurgaon,Sohna,Wheat,Other,FAQ,21/06/2011,1020,1050,1035,1
Haryana,Gurgaon,Sohna,Wheat,Other,FAQ,02/07/2011,1065,1070,1068,1
Haryana,Gurgaon,Sohna,Wheat,Other,FAQ,12/07/2011,1065,1067,1066,1
Haryana,Gurgaon,Sohna,Wheat,Other,FAQ,29/07/2011,1070,1070,1070,1
Haryana,Gurgaon,Sohna,Wheat,Other,FAQ,03/08/2011,1050,1050,1050,1
Haryana,Gurgaon,Sohna,Wheat,Other,FAQ,13/08/2011,1055,1060,1057,1
Haryana,Gurgaon,Sohna,Wheat,Other,FAQ,29/08/2011,1050,1050,1050,1
Haryana,Gurgaon,Sohna,Wheat,Other,FAQ,07/09/2011,1020,1020,1020,1
Haryana,Gurgaon,Sohna,Wheat,Other,FAQ,28/09/2011,1036,1036,1036,1
Haryana,Gurgaon,Sohna,Wheat,Other,FAQ,03/11/2011,1019,1019,1019,1
Haryana,Gurgaon,Sohna,Wheat,Other,FAQ,22/11/2011,1000,1000,1000,1
Haryana,Gurgaon,Sohna,Wheat,Other,FAQ,06/01/2010,1246,1279,1263,1
Haryana,Gurgaon,Sohna,Wheat,Other,FAQ,09/01/2010,1240,1240,1240,1
Haryana,Gurgaon,Sohna,Wheat,Other,FAQ,25/03/2010,1122,1122,1122,1
Haryana,Gurgaon,Sohna,Wheat,Other,FAQ,01/04/2010,1100,1100,1100,1
Haryana,Gurgaon,Sohna,Wheat,Other,FAQ,03/04/2010,1100,1100,1100,1
Haryana,Gurgaon,Sohna,Wheat,Other,FAQ,04/04/2010,1100,1100,1100,1
Haryana,Gurgaon,Sohna,Wheat,Other,FAQ,07/04/2010,1100,1100,1100,1
Haryana,Gurgaon,Sohna,Wheat,Other,FAQ,11/04/2010,1100,1100,1100,1
Haryana,Gurgaon,Sohna,Wheat,Other,FAQ,13/04/2010,1100,1100,1100,1
Haryana,Gurgaon,Sohna,Wheat,Other,FAQ,18/04/2010,1100,1100,1100,1
Haryana,Gurgaon,Sohna,Wheat,Other,FAQ,11/12/2010,1100,1140,1120,1
Haryana,Gurgaon,Sohna,Wheat,Other,FAQ,09/06/2005,701,701,701,1
Haryana,Gurgaon,Sohna,Wheat,Other,FAQ,02/07/2005,710,725,715,1
Haryana,Gurgaon,Sohna,Wheat,Other,FAQ,25/07/2006,800,808,804,1
Haryana,Gurgaon,Sohna,Wheat,Other,FAQ,07/08/2006,817,822,820,1
Haryana,Gurgaon,Sohna,Wheat,Other,FAQ,05/05/2015,1450,1450,1450,1
Haryana,Gurgaon,Sohna,Wheat,Other,FAQ,10/04/2017,1625,1625,1625,1
Haryana,Gurgaon,Sohna,Wheat,Other,FAQ,11/04/2017,1625,1625,1625,1
Haryana,Gurgaon,Sohna,Wheat,Other,FAQ,21/04/2017,1625,1625,1625,1
Haryana,Gurgaon,Sohna,Wheat,Other,FAQ,22/04/2017,1625,1625,1625,1
Haryana,Gurgaon,Sohna,Wheat,Other,FAQ,26/04/2017,1625,1625,1625,1
Haryana,Gurgaon,Sohna,Wheat,Other,FAQ,06/04/2018,1735,1735,1735,1
Haryana,Gurgaon,Sohna,Wheat,Other,FAQ,30/04/2019,1840,1840,1840,1
Haryana,Gurgaon,Sohna,Wheat,Other,FAQ,07/05/2019,1840,1840,1840,1
Haryana,Gurgaon,Sohna,Wheat,Other,FAQ,06/04/2022,2015,2020,2015,1
Haryana,Gurgaon,Sohna,Wheat,Other,FAQ,14/04/2023,2125,2125,2125,1
Haryana,Gurgaon,Sohna,Wheat,Other,FAQ,06/05/2023,2130,2130,2130,1
Haryana,Gurgaon,Sohna,Wheat,Other,FAQ,09/05/2023,2125,2130,2125,1
Haryana,Gurgaon,Sohna,Wheat,Other,FAQ,11/04/2024,2275,2275,2275,1
Haryana,Gurgaon,Sohna,Wheat,Other,FAQ,02/01/2010,1250,1250,1250,1
Haryana,Gurgaon,Sohna,Wheat,Other,FAQ,05/01/2010,1000,1240,1120,1
Haryana,Gurgaon,Sohna,Wheat,Other,FAQ,08/01/2010,1200,1250,1225,1
Haryana,Gurgaon,Sohna,Wheat,Other,FAQ,19/01/2010,1251,1251,1251,1
Haryana,Gurgaon,Sohna,Wheat,Other,FAQ,27/01/2010,1299,1299,1299,1
Haryana,Gurgaon,Sohna,Wheat,Other,FAQ,28/01/2010,1299,1299,1299,1
Haryana,Gurgaon,Sohna,Wheat,Other,FAQ,06/04/2010,1100,1100,1100,1
Haryana,Gurgaon,Sohna,Wheat,Other,FAQ,14/04/2010,1100,1100,1100,1
Haryana,Gurgaon,Sohna,Wheat,Other,FAQ,16/04/2010,1100,1100,1100,1
Haryana,Gurgaon,Sohna,Wheat,Other,FAQ,17/04/2010,1100,1100,1100,1
Haryana,Gurgaon,Sohna,Wheat,Other,FAQ,06/06/2011,1048,1050,1049,1
Haryana,Gurgaon,Sohna,Wheat,Other,FAQ,10/06/2011,1060,1060,1060,1
Haryana,Gurgaon,Sohna,Wheat,Other,FAQ,11/06/2011,1050,1070,1060,1
Haryana,Gurgaon,Sohna,Wheat,Other,FAQ,13/06/2011,1070,1070,1070,1
Haryana,Gurgaon,Sohna,Wheat,Other,FAQ,14/07/2011,2620,2620,2620,1
Haryana,Gurgaon,Sohna,Wheat,Other,FAQ,14/09/2011,1031,1031,1031,1
Haryana,Gurgaon,Sohna,Wheat,Other,FAQ,11/11/2011,1041,1041,1041,1
Haryana,Gurgaon,Sohna,Wheat,Other,FAQ,15/11/2011,1034,1035,1034,1
Haryana,Gurgaon,Sohna,Wheat,Other,FAQ,16/11/2011,1024,1040,1032,1
Haryana,Gurgaon,Sohna,Wheat,Other,FAQ,09/12/2011,1050,1050,1050,1
Haryana,Gurgaon,Sohna,Wheat,Other,FAQ,19/07/2006,783,786,784,1
Haryana,Gurgaon,Sohna,Wheat,Other,FAQ,21/07/2006,800,800,800,1
Haryana,Gurgaon,Sohna,Wheat,Other,FAQ,22/07/2006,810,820,815,1
Haryana,Gurgaon,Sohna,Wheat,Other,FAQ,14/08/2006,864,864,864,1
Haryana,Gurgaon,Sohna,Wheat,Other,FAQ,14/09/2006,890,890,890,1
Haryana,Gurgaon,Sohna,Wheat,Other,FAQ,28/04/2005,680,680,680,1
Haryana,Gurgaon,Sohna,Wheat,Other,FAQ,14/04/2008,1000,1000,1000,1
Haryana,Gurgaon,Sohna,Wheat,Other,FAQ,02/05/2008,1000,1000,1000,1
Haryana,Gurgaon,Sohna,Wheat,Other,FAQ,06/05/2008,1000,1001,1000,1
Haryana,Gurgaon,Sohna,Wheat,Other,FAQ,13/04/2017,1625,1625,1625,1
Haryana,Gurgaon,Sohna,Wheat,Other,FAQ,19/04/2017,1625,1625,1625,1
Haryana,Gurgaon,Sohna,Wheat,Other,FAQ,20/04/2017,1625,1625,1625,1
Haryana,Gurgaon,Sohna,Wheat,Other,FAQ,11/04/2018,1735,1735,1735,1
Haryana,Gurgaon,Sohna,Wheat,Other,FAQ,30/03/2022,2000,2100,2050,1
Haryana,Gurgaon,Sohna,Wheat,Other,FAQ,05/04/2022,2015,2015,2015,1
Haryana,Gurgaon,Sohna,Wheat,Other,FAQ,07/04/2022,2015,2020,2015,1
Haryana,Gurgaon,Sohna,Wheat,Other,FAQ,04/04/2023,2126,2126,2126,1
Haryana,Gurgaon,Sohna,Wheat,Other,FAQ,12/04/2023,2125,2130,2128,1
Haryana,Gurgaon,Sohna,Wheat,Other,FAQ,25/04/2023,2125,2125,2125,1
Haryana,Gurgaon,Sohna,Wheat,Other,FAQ,26/04/2023,2125,2125,2125,1
Haryana,Gurgaon,Sohna,Wheat,Other,FAQ,03/05/2023,2125,2130,2125,1
Haryana,Gurgaon,Sohna,Wheat,Other,FAQ,10/05/2023,2125,2125,2125,1
Haryana,Gurgaon,Sohna,Wheat,Other,FAQ,05/04/2024,2275,2275,2275,1
Haryana,Gurgaon,Sohna,Wheat,Other,FAQ,18/04/2024,2275,2275,2275,1
Haryana,Gurgaon,Sohna,Wheat,Other,FAQ,25/04/2024,2275,2275,2275,1
Haryana,Gurgaon,Sohna,Wheat,Other,FAQ,31/05/2005,650,695,675,1
Haryana,Gurgaon,Sohna,Wheat,Other,FAQ,01/06/2005,650,700,675,1
Haryana,Gurgaon,Sohna,Wheat,Other,FAQ,02/06/2005,660,700,675,1
Haryana,Gurgaon,Sohna,Wheat,Other,FAQ,04/07/2005,721,721,721,1
Haryana,Gurgaon,Sohna,Wheat,Other,FAQ,05/04/2008,1005,1005,1005,1
Haryana,Gurgaon,Sohna,Wheat,Other,FAQ,18/04/2008,1000,1000,1000,1
Haryana,Gurgaon,Sohna,Wheat,Other,FAQ,27/04/2008,1000,1000,1000,1
Haryana,Gurgaon,Sohna,Wheat,Other,FAQ,28/04/2008,1000,1000,1000,1
Haryana,Gurgaon,Sohna,Wheat,Other,FAQ,01/05/2008,1000,1000,1000,1
Haryana,Gurgaon,Sohna,Wheat,Other,FAQ,03/05/2008,1000,1000,1000,1
Haryana,Gurgaon,Sohna,Wheat,Other,FAQ,08/05/2008,1000,1001,1000,1
Haryana,Gurgaon,Sohna,Wheat,Other,FAQ,13/05/2008,1000,1000,1000,1
Haryana,Gurgaon,Sohna,Wheat,Other,FAQ,15/05/2008,1000,1000,1000,1
Haryana,Gurgaon,Sohna,Wheat,Other,FAQ,07/01/2010,1315,1315,1315,1
Haryana,Gurgaon,Sohna,Wheat,Other,FAQ,11/01/2010,1250,1250,1250,1
Haryana,Gurgaon,Sohna,Wheat,Other,FAQ,30/01/2010,1275,1275,1275,1
Haryana,Gurgaon,Sohna,Wheat,Other,FAQ,10/04/2010,1100,1100,1100,1
Haryana,Gurgaon,Sohna,Wheat,Other,FAQ,12/04/2010,1100,1100,1100,1
Haryana,Gurgaon,Sohna,Wheat,Other,FAQ,15/04/2010,1100,1100,1100,1
Haryana,Gurgaon,Sohna,Wheat,Other,FAQ,19/04/2010,1100,1100,1100,1
Haryana,Gurgaon,Sohna,Wheat,Other,FAQ,24/05/2010,1125,1125,1125,1
Haryana,Gurgaon,Sohna,Wheat,Other,FAQ,24/07/2006,813,820,815,1
Haryana,Gurgaon,Sohna,Wheat,Other,FAQ,27/07/2006,810,810,810,1
Haryana,Gurgaon,Sohna,Wheat,Other,FAQ,23/08/2006,890,916,905,1
Haryana,Gurgaon,Sohna,Wheat,Other,FAQ,02/09/2006,920,920,920,1
Haryana,Gurgaon,Sohna,Wheat,Other,FAQ,19/02/2011,1231,1240,1235,1
Haryana,Gurgaon,Sohna,Wheat,Other,FAQ,06/08/2011,1050,1050,1050,1
Haryana,Gurgaon,Sohna,Wheat,Other,FAQ,20/09/2011,1015,1020,1017,1
Haryana,Gurgaon,Sohna,Wheat,Other,FAQ,22/10/2011,1020,1020,1020,1
Haryana,Gurgaon,Sohna,Wheat,Other,FAQ,03/12/2011,1069,1069,1069,1
Haryana,Gurgaon,Sohna,Wheat,Other,FAQ,13/12/2011,1120,1120,1120,1
Haryana,Gurgaon,Sohna,Wheat,Other,FAQ,16/04/2018,1735,1735,1735,1
Haryana,Gurgaon,Sohna,Wheat,Other,FAQ,14/04/2017,1625,1625,1625,1
Haryana,Gurgaon,Sohna,Wheat,Other,FAQ,11/04/2022,2015,2025,2020,1
Haryana,Gurgaon,Sohna,Wheat,Other,FAQ,28/04/2023,2125,2130,2128,1
Haryana,Gurgaon,Sohna,Wheat,Other,FAQ,01/05/2023,2125,2130,2125,1
Haryana,Gurgaon,Sohna,Wheat,Other,FAQ,13/05/2023,2125,2125,2125,1
Haryana,Gurgaon,Sohna,Wheat,Other,FAQ,16/04/2024,2275,2275,2275,1
